ad_id,screenshot,bad_design,boring,clickbait,deceptive,dislike_product,distasteful,entertaining,good_design,like_product,manipulative,politicized,simple,trustworthy,unclear,useful,num_labelers
1461270,screenshots/83045618-fc93-4b37-a4fd-672352fa4a34.png,2.0,1.0,4.0,3.0,4.0,0.0,0.0,1.0,4.0,0.0,0.0,5.0,0.0,1.0,0.0,12
1461275,screenshots/8b2f7c46-3c65-452f-9604-5ec4a21a1be2.png,9.0,4.0,7.0,5.0,0.0,0.0,1.0,1.0,2.0,2.0,0.0,2.0,0.0,4.0,1.0,12
1461279,screenshots/ba91836b-80ea-450c-b776-116e9a69fa14.png,1.0,3.0,0.0,2.0,2.0,1.0,1.0,4.0,2.0,0.0,0.0,2.0,0.0,0.0,0.0,10
1461319,screenshots/d3e8337e-44a2-4e3f-a6e7-90efaddb4593.png,1.0,2.0,0.0,0.0,4.0,0.0,2.0,4.0,2.0,0.0,0.0,7.0,2.0,1.0,3.0,10
1461346,screenshots/9e7cfaad-98a0-4d16-8893-1f4e831db7da.png,5.0,4.0,2.0,2.0,0.0,0.0,0.0,1.0,1.0,2.0,0.0,4.0,1.0,0.0,4.0,10
1461378,screenshots/b31452a6-e4aa-4652-b141-d3a0ea18c5cb.png,3.0,2.0,1.0,0.0,2.0,0.0,3.0,7.0,1.0,0.0,0.0,4.0,2.0,1.0,2.0,10
1461427,screenshots/4420f8ae-4c5d-468a-b4c9-118b16835062.png,4.0,2.0,1.0,1.0,0.0,0.0,0.0,2.0,4.0,0.0,0.0,6.0,1.0,0.0,3.0,10
1461473,screenshots/6a18f45b-86e7-4190-95bd-52140b8fd11a.png,0.0,2.0,1.0,0.0,2.0,0.0,1.0,5.0,3.0,0.0,0.0,3.0,2.0,0.0,1.0,10
1461482,screenshots/b9e59227-11d1-47d8-8ff3-b5c9570ecccc.png,2.0,0.0,0.0,0.0,1.0,0.0,5.0,5.0,3.0,0.0,0.0,2.0,3.0,1.0,2.0,10
1461495,screenshots/ea1cb482-7e8e-4610-afe7-18b8913481a4.png,0.0,2.0,0.0,1.0,2.0,0.0,2.0,4.0,2.0,0.0,1.0,4.0,2.0,2.0,3.0,10
1461505,screenshots/33c54f34-9e7e-412c-8bf3-31f52dac1556.png,1.0,1.0,1.0,1.0,0.0,0.0,2.0,2.0,4.0,0.0,0.0,8.0,6.0,0.0,7.0,11
1461512,screenshots/32030304-0d66-43f7-b373-c0bffbd8c91c.png,3.0,0.0,3.0,3.0,0.0,0.0,2.0,2.0,7.0,2.0,0.0,6.0,0.0,3.0,4.0,10
1461515,screenshots/079dae18-bd2b-458f-a955-3f6492525577.png,6.0,5.0,0.0,1.0,1.0,0.0,0.0,1.0,1.0,0.0,0.0,7.0,0.0,2.0,1.0,10
1461542,screenshots/d34cfb4d-3b95-4c61-b404-5f8473fa69e5.png,4.0,2.0,0.0,2.0,6.0,0.0,2.0,3.0,2.0,0.0,0.0,2.0,0.0,1.0,0.0,10
1461550,screenshots/2cc63cda-58ea-4a69-9237-d98698ae5a2c.png,3.0,5.0,0.0,1.0,3.0,1.0,1.0,4.0,4.0,0.0,0.0,3.0,0.0,1.0,1.0,10
1461573,screenshots/501174ce-a15f-43cc-ad76-33e3f2bf0d6b.png,3.0,4.0,1.0,1.0,2.0,1.0,0.0,0.0,0.0,1.0,0.0,4.0,1.0,1.0,1.0,10
1461654,screenshots/d864f1d0-dbef-4b57-8c65-19d133e06276.png,2.0,3.0,7.0,6.0,1.0,0.0,1.0,0.0,0.0,4.0,3.0,1.0,1.0,0.0,1.0,11
1461709,screenshots/0a3e23ec-6a20-46cf-b05b-68ce2ba94423.png,2.0,2.0,4.0,2.0,0.0,0.0,2.0,0.0,3.0,5.0,0.0,0.0,0.0,1.0,2.0,10
1461765,screenshots/2a678a94-de69-487a-afd9-e374758716db.png,5.0,6.0,2.0,0.0,0.0,0.0,0.0,0.0,0.0,0.0,0.0,5.0,0.0,3.0,0.0,10
1461781,screenshots/92e7c6a9-1ac4-484a-a524-0950513089d1.png,4.0,1.0,2.0,0.0,0.0,0.0,2.0,3.0,5.0,0.0,2.0,7.0,2.0,1.0,3.0,10
1461795,screenshots/71e54c3c-b00a-44b1-9267-82b6f907ef69.png,3.0,3.0,1.0,3.0,2.0,0.0,0.0,3.0,0.0,0.0,0.0,3.0,3.0,1.0,1.0,10
1461798,screenshots/17cfd240-70a8-4ddb-9184-dbee2413c587.png,3.0,6.0,2.0,4.0,4.0,0.0,0.0,2.0,0.0,2.0,0.0,2.0,0.0,3.0,0.0,10
1461810,screenshots/154b4230-e32a-448c-baa3-98855f71f5a3.png,1.0,1.0,1.0,1.0,4.0,0.0,0.0,0.0,1.0,0.0,0.0,7.0,1.0,0.0,1.0,10
1461828,screenshots/589039e9-d12d-4b11-bd0f-660d2006ddf7.png,1.0,3.0,1.0,1.0,5.0,0.0,1.0,1.0,1.0,1.0,0.0,3.0,0.0,0.0,2.0,10
1461830,screenshots/a8a915b6-de77-418f-b54f-2ae1ac24cb84.png,4.0,3.0,1.0,0.0,1.0,0.0,1.0,2.0,0.0,1.0,0.0,4.0,1.0,0.0,0.0,10
1461989,screenshots/37256397-e55c-468e-a184-d142ff863c34.png,4.0,4.0,4.0,2.0,1.0,0.0,0.0,0.0,2.0,3.0,0.0,2.0,0.0,3.0,3.0,10
1461990,screenshots/98fbe0aa-9291-4986-b9c0-6b9cf87797c1.png,3.0,3.0,1.0,1.0,2.0,0.0,0.0,3.0,1.0,0.0,0.0,5.0,0.0,4.0,0.0,10
1462090,screenshots/ca2ac6a9-213f-483d-98c2-2405f803cb5e.png,1.0,1.0,5.0,2.0,5.0,0.0,0.0,3.0,0.0,2.0,0.0,3.0,2.0,0.0,3.0,10
1462091,screenshots/b3933e1d-bee2-4ceb-9c51-dc068b7862c9.png,1.0,0.0,0.0,0.0,2.0,0.0,4.0,5.0,2.0,0.0,1.0,6.0,2.0,1.0,2.0,11
1462110,screenshots/fe2ae777-bd5f-4890-8d35-15dfeb917201.png,1.0,3.0,1.0,0.0,2.0,0.0,3.0,4.0,3.0,0.0,0.0,5.0,2.0,0.0,1.0,10
1462117,screenshots/34204a9d-da79-4cb5-9575-bb87a607c8ee.png,1.0,0.0,0.0,0.0,1.0,0.0,4.0,7.0,6.0,0.0,0.0,7.0,3.0,1.0,2.0,10
1462162,screenshots/e6d647cf-0b93-4060-b741-46f3fc33842c.png,1.0,1.0,3.0,1.0,2.0,0.0,0.0,4.0,1.0,3.0,0.0,4.0,2.0,0.0,3.0,11
1462354,screenshots/6c9e9630-26c9-44da-882d-059e0491717d.png,2.0,2.0,1.0,2.0,5.0,0.0,4.0,2.0,1.0,0.0,1.0,5.0,0.0,0.0,3.0,10
1462372,screenshots/55566bfa-a575-40d6-88b8-92f189e2ec3d.png,3.0,3.0,4.0,2.0,3.0,0.0,1.0,2.0,1.0,2.0,0.0,0.0,0.0,0.0,0.0,10
1462385,screenshots/47c3d395-9fa2-4992-b133-f9736cf554f4.png,3.0,2.0,8.0,6.0,4.0,1.0,2.0,3.0,2.0,4.0,1.0,1.0,1.0,2.0,1.0,11
1462434,screenshots/bfb4f1f5-6854-40c2-9e9e-14bf268a9162.png,3.0,3.0,2.0,3.0,4.0,0.0,0.0,3.0,0.0,1.0,2.0,4.0,1.0,6.0,2.0,10
1462442,screenshots/c7409d62-1d23-4214-a914-7fae857ed6a6.png,5.0,3.0,3.0,3.0,0.0,0.0,0.0,2.0,0.0,0.0,0.0,3.0,0.0,5.0,1.0,10
1462506,screenshots/8c21ece0-cee6-442d-9f7f-c16dead9e90d.png,4.0,3.0,1.0,2.0,3.0,0.0,0.0,4.0,0.0,1.0,0.0,4.0,0.0,1.0,6.0,10
1462524,screenshots/75623334-ce49-4be9-8499-5ee1a8b04883.png,4.0,0.0,7.0,5.0,0.0,3.0,0.0,0.0,0.0,2.0,0.0,1.0,0.0,3.0,1.0,10
1462538,screenshots/9174793b-fd66-42ce-9507-1553fe733ae8.png,0.0,2.0,0.0,0.0,3.0,2.0,1.0,2.0,2.0,0.0,0.0,4.0,1.0,0.0,3.0,10
1462549,screenshots/1909f540-523d-423b-b708-b4910e2eaf60.png,4.0,2.0,8.0,5.0,3.0,0.0,0.0,0.0,0.0,2.0,0.0,2.0,0.0,2.0,1.0,10
1462571,screenshots/f5c1ae8a-65d6-4884-9887-06ee9f3761f2.png,4.0,1.0,5.0,3.0,2.0,3.0,1.0,0.0,1.0,0.0,0.0,3.0,1.0,0.0,1.0,10
1462575,screenshots/afbe183d-7845-496e-aefa-4e3ec3bbaaa7.png,7.0,3.0,10.0,6.0,5.0,0.0,0.0,0.0,0.0,6.0,0.0,1.0,0.0,3.0,0.0,10
1462660,screenshots/230d1702-847e-45a9-9479-970f1367d414.png,0.0,4.0,0.0,0.0,4.0,0.0,0.0,8.0,2.0,0.0,0.0,8.0,4.0,0.0,6.0,10
1462723,screenshots/d68402c6-b210-46b8-8893-07a68493446d.png,1.0,6.0,0.0,0.0,1.0,0.0,1.0,1.0,1.0,0.0,0.0,5.0,1.0,1.0,2.0,10
1462728,screenshots/1a19806e-e509-4fad-896a-bf664a0cba86.png,2.0,3.0,0.0,0.0,1.0,1.0,0.0,3.0,2.0,0.0,1.0,6.0,1.0,2.0,0.0,11
1462747,screenshots/1e0a7a68-01d3-425c-9161-ef7798d4afdd.png,1.0,0.0,6.0,4.0,1.0,0.0,1.0,2.0,2.0,1.0,0.0,2.0,0.0,2.0,0.0,10
1462772,screenshots/58ff8db4-23eb-4633-958b-514feadb8937.png,0.0,1.0,0.0,1.0,0.0,0.0,0.0,3.0,5.0,0.0,0.0,5.0,3.0,0.0,2.0,10
1462785,screenshots/060a93de-7e0c-41cd-a73b-74c2832d1897.png,3.0,1.0,1.0,1.0,1.0,0.0,1.0,2.0,3.0,2.0,0.0,5.0,1.0,0.0,6.0,10
1462792,screenshots/d74f35df-6fdb-4482-b1f9-e9de67fa76ce.png,4.0,1.0,1.0,2.0,0.0,1.0,1.0,3.0,2.0,0.0,0.0,4.0,1.0,0.0,1.0,10
1462827,screenshots/1fe9155c-b777-46b6-9b00-139be6dc7143.png,3.0,4.0,7.0,5.0,2.0,5.0,2.0,0.0,0.0,3.0,0.0,0.0,0.0,3.0,1.0,10
1462834,screenshots/20699a41-373e-4740-abb2-389f3e805e49.png,6.0,5.0,2.0,4.0,2.0,0.0,0.0,0.0,1.0,0.0,0.0,4.0,1.0,0.0,0.0,10
1462836,screenshots/fce91a04-c612-461d-91b0-c50d540e39a0.png,1.0,1.0,2.0,2.0,2.0,0.0,0.0,3.0,3.0,1.0,0.0,6.0,1.0,0.0,1.0,10
1462838,screenshots/e1fd7179-a47b-4058-9fb2-87853a6f5de6.png,5.0,3.0,5.0,6.0,4.0,3.0,1.0,0.0,1.0,2.0,0.0,0.0,1.0,0.0,0.0,10
1462839,screenshots/98dd1bf8-bd60-4d48-9e89-8205431c40ad.png,3.0,3.0,3.0,10.0,0.0,0.0,0.0,0.0,0.0,2.0,0.0,0.0,0.0,5.0,0.0,11
1462849,screenshots/b69e5274-4c20-4d70-96cc-745d95fedc76.png,4.0,7.0,5.0,3.0,3.0,2.0,0.0,0.0,1.0,2.0,6.0,0.0,0.0,4.0,2.0,11
1462850,screenshots/1c4bdc56-2b4d-4651-a746-539936bcbee6.png,2.0,5.0,0.0,0.0,1.0,1.0,0.0,1.0,0.0,0.0,0.0,4.0,0.0,1.0,2.0,10
1462852,screenshots/1c2433b5-ca04-4ce4-848d-b03dd22cff4a.png,4.0,3.0,7.0,2.0,1.0,0.0,2.0,0.0,2.0,0.0,0.0,2.0,0.0,0.0,2.0,10
1462907,screenshots/044cbe84-a602-49ed-96b5-d12b541bf581.png,2.0,3.0,0.0,1.0,1.0,0.0,1.0,5.0,3.0,1.0,0.0,6.0,2.0,0.0,1.0,10
1462911,screenshots/6f3b3de3-dcf1-44af-94f0-591dc59c1a47.png,8.0,6.0,4.0,2.0,1.0,0.0,0.0,0.0,0.0,2.0,1.0,3.0,1.0,2.0,0.0,10
1462915,screenshots/67cdc87b-aa7f-4577-8562-5f520ccadea5.png,2.0,0.0,10.0,6.0,1.0,3.0,1.0,0.0,2.0,2.0,0.0,2.0,0.0,2.0,0.0,10
1462933,screenshots/6a309422-31ce-407e-9d42-883d29f24116.png,2.0,2.0,1.0,0.0,1.0,0.0,0.0,3.0,2.0,0.0,0.0,5.0,3.0,0.0,1.0,10
1463063,screenshots/f0a5aec7-4f3b-449f-9d2a-e16d2c53ba0c.png,2.0,1.0,2.0,0.0,0.0,0.0,2.0,2.0,5.0,0.0,0.0,4.0,2.0,2.0,4.0,11
1463071,screenshots/aef154a6-f63a-4c7c-97d1-1528299b702d.png,4.0,7.0,1.0,0.0,0.0,0.0,0.0,0.0,1.0,0.0,0.0,3.0,1.0,8.0,1.0,10
1463090,screenshots/431fdafa-c7fa-4b98-b656-c8c2c619cd68.png,5.0,2.0,3.0,2.0,1.0,0.0,2.0,2.0,2.0,0.0,0.0,1.0,1.0,4.0,2.0,11
1463103,screenshots/4dbb17ba-7f3e-4096-a702-c162dd4ad125.png,4.0,4.0,4.0,7.0,2.0,0.0,0.0,1.0,0.0,1.0,0.0,1.0,0.0,5.0,0.0,11
1463122,screenshots/c5fe2b8a-b362-4281-a928-f01c6680031c.png,2.0,2.0,4.0,2.0,2.0,0.0,0.0,2.0,1.0,0.0,0.0,2.0,0.0,1.0,2.0,10
1463140,screenshots/984d10f6-4aff-4b09-b1a4-e50f0d889f61.png,3.0,1.0,2.0,0.0,1.0,0.0,2.0,3.0,6.0,1.0,0.0,5.0,0.0,0.0,2.0,10
1463160,screenshots/a07c6c49-c986-4ba1-bd9c-9727d745fcd0.png,6.0,2.0,4.0,2.0,1.0,0.0,1.0,1.0,0.0,2.0,0.0,1.0,0.0,2.0,0.0,10
1463163,screenshots/8eafc956-cd31-48cc-887a-abf7945e1516.png,3.0,0.0,4.0,2.0,1.0,0.0,4.0,3.0,2.0,2.0,0.0,4.0,0.0,0.0,2.0,10
1463224,screenshots/0c52f99b-c944-4dfd-9ad9-da73ba5fc9cb.png,1.0,0.0,6.0,2.0,3.0,1.0,1.0,2.0,1.0,5.0,8.0,1.0,1.0,0.0,1.0,10
1463250,screenshots/31eabeea-82f4-413b-9310-c4e467096160.png,5.0,5.0,2.0,1.0,7.0,0.0,1.0,1.0,0.0,1.0,0.0,1.0,0.0,2.0,1.0,10
1463254,screenshots/3e87f740-ce97-4d27-8ebe-9378c2c583a4.png,2.0,4.0,1.0,1.0,2.0,0.0,1.0,5.0,1.0,1.0,0.0,3.0,1.0,4.0,0.0,11
1463277,screenshots/3cbc578f-3fba-4416-9a3f-9e8b652e0413.png,0.0,2.0,1.0,0.0,2.0,0.0,1.0,4.0,3.0,1.0,0.0,3.0,0.0,2.0,1.0,10
1463290,screenshots/7e778f0a-8f5c-4bcf-b0a3-19b42d9fc7a1.png,0.0,2.0,0.0,0.0,1.0,0.0,3.0,6.0,1.0,0.0,0.0,4.0,0.0,8.0,1.0,10
1463328,screenshots/e33773fb-104d-4883-bcb7-289b605392c5.png,1.0,0.0,6.0,2.0,1.0,0.0,0.0,2.0,0.0,1.0,0.0,1.0,0.0,1.0,3.0,10
1463396,screenshots/7ca54914-f732-4003-ad21-4b20a18f1969.png,3.0,5.0,1.0,3.0,4.0,0.0,0.0,4.0,2.0,1.0,0.0,4.0,1.0,1.0,1.0,11
1463461,screenshots/d3f61411-bebc-45d6-8c22-7c7d0ad4796b.png,0.0,1.0,1.0,2.0,1.0,0.0,1.0,6.0,1.0,0.0,0.0,6.0,6.0,1.0,1.0,10
1463480,screenshots/3709ec12-54e0-4861-b066-2fc5830f48dd.png,0.0,1.0,1.0,0.0,1.0,0.0,0.0,5.0,1.0,1.0,0.0,3.0,3.0,5.0,4.0,10
1463487,screenshots/c325fd14-d928-43a1-8512-3bd11ac89655.png,0.0,4.0,0.0,0.0,1.0,0.0,1.0,2.0,2.0,0.0,0.0,3.0,1.0,2.0,2.0,10
1463520,screenshots/74f7f6e9-cb04-40c3-831d-201693693152.png,0.0,1.0,0.0,0.0,1.0,0.0,5.0,7.0,6.0,0.0,0.0,2.0,1.0,2.0,3.0,10
1463524,screenshots/64b8b356-9894-4dca-ae45-41564a365c13.png,1.0,4.0,0.0,0.0,0.0,0.0,0.0,6.0,2.0,0.0,0.0,7.0,4.0,1.0,3.0,10
1463536,screenshots/8d433f6c-27d2-4ddd-b605-e329589ec8b8.png,1.0,1.0,1.0,0.0,1.0,0.0,0.0,4.0,4.0,0.0,0.0,6.0,1.0,0.0,1.0,10
1463579,screenshots/436cac24-8527-4763-badd-708f968fc0f3.png,0.0,2.0,1.0,0.0,1.0,0.0,0.0,2.0,2.0,0.0,0.0,6.0,2.0,3.0,3.0,10
1463581,screenshots/de72b7e0-84ad-41f0-b4c1-76f980c66e93.png,8.0,2.0,7.0,3.0,3.0,2.0,0.0,0.0,1.0,2.0,0.0,1.0,0.0,1.0,0.0,11
1463746,screenshots/610244b9-ece0-4df0-8702-cabf8ec9d9bb.png,0.0,2.0,1.0,0.0,3.0,0.0,0.0,6.0,3.0,1.0,0.0,6.0,0.0,1.0,1.0,12
1463748,screenshots/8f91329d-57f0-46b8-91fb-d99f45a27f61.png,1.0,2.0,0.0,0.0,1.0,0.0,0.0,5.0,2.0,0.0,0.0,4.0,0.0,0.0,0.0,10
1463775,screenshots/793b4d47-206c-45d2-8069-4b874a565954.png,8.0,4.0,4.0,4.0,3.0,0.0,0.0,0.0,0.0,3.0,1.0,0.0,0.0,1.0,1.0,10
1463782,screenshots/cdba9b7d-1859-426e-aea0-c244bcbbf07b.png,3.0,2.0,1.0,0.0,2.0,0.0,3.0,4.0,3.0,0.0,0.0,4.0,2.0,2.0,2.0,11
1463785,screenshots/206da742-000a-4394-bdc8-556d52a366dd.png,2.0,4.0,0.0,0.0,1.0,2.0,0.0,3.0,1.0,0.0,0.0,2.0,0.0,6.0,0.0,10
1463794,screenshots/f73acf19-4242-496c-a227-3d4c279b9d39.png,2.0,3.0,7.0,7.0,1.0,0.0,0.0,2.0,1.0,2.0,0.0,2.0,0.0,2.0,1.0,10
1463806,screenshots/bdb62f8c-ee6f-40db-a758-d7fd3f52fb84.png,4.0,3.0,1.0,0.0,2.0,1.0,0.0,5.0,0.0,1.0,0.0,2.0,1.0,4.0,0.0,10
1463810,screenshots/9b03897c-d750-4a93-a6d8-99184845583c.png,1.0,5.0,0.0,3.0,1.0,0.0,0.0,3.0,1.0,1.0,0.0,5.0,1.0,6.0,0.0,12
1463816,screenshots/c2d60162-cb7d-471c-b8c9-8f070e297c4d.png,2.0,8.0,0.0,0.0,1.0,0.0,1.0,6.0,2.0,0.0,0.0,5.0,4.0,3.0,4.0,11
1463837,screenshots/69878b6e-c326-45d7-ac7f-4bd35dafd529.png,4.0,3.0,4.0,3.0,2.0,0.0,2.0,3.0,2.0,5.0,0.0,2.0,1.0,0.0,4.0,10
1463844,screenshots/8feec232-67bb-4afc-b292-763fe041de84.png,4.0,4.0,5.0,8.0,2.0,0.0,0.0,1.0,0.0,2.0,0.0,1.0,0.0,2.0,0.0,11
1463875,screenshots/d67eb491-a77f-4eb1-ac28-6ebb25eacda4.png,2.0,4.0,5.0,4.0,1.0,3.0,0.0,1.0,0.0,1.0,0.0,3.0,0.0,1.0,1.0,10
1463883,screenshots/1b1b7c22-1b62-4680-a152-e10d4cf7da89.png,4.0,1.0,6.0,3.0,1.0,1.0,0.0,1.0,1.0,0.0,0.0,1.0,0.0,3.0,0.0,10
1463885,screenshots/5ebccdf9-bfab-477e-89c7-0295e242ac74.png,1.0,4.0,4.0,2.0,2.0,2.0,0.0,1.0,1.0,3.0,0.0,2.0,0.0,1.0,2.0,10
1463887,screenshots/e8ef460c-20fe-4f20-ae8e-df1d510fd833.png,1.0,0.0,4.0,4.0,0.0,1.0,0.0,2.0,4.0,1.0,0.0,4.0,2.0,0.0,5.0,10
1463888,screenshots/c43e20f5-4e44-4444-bc61-fcf8b0579148.png,1.0,0.0,5.0,1.0,1.0,0.0,1.0,6.0,5.0,2.0,0.0,4.0,1.0,0.0,2.0,10
1463899,screenshots/af2abed9-5aab-4452-a4f4-12121da8463d.png,2.0,1.0,0.0,0.0,1.0,0.0,0.0,4.0,4.0,0.0,0.0,8.0,1.0,0.0,4.0,10
1463931,screenshots/a84cf0ea-8672-48a2-be4f-1863a38c0f4a.png,2.0,2.0,0.0,0.0,0.0,0.0,1.0,5.0,4.0,1.0,0.0,2.0,1.0,1.0,1.0,10
1463952,screenshots/b5a9ed95-8af8-4fc1-9949-8e0ad91e1032.png,4.0,4.0,0.0,0.0,0.0,0.0,2.0,4.0,1.0,0.0,0.0,3.0,2.0,6.0,1.0,10
1463954,screenshots/145bd9fe-f4e4-48a9-ba24-70d35f2f7c71.png,1.0,2.0,1.0,2.0,3.0,2.0,2.0,4.0,3.0,2.0,3.0,3.0,0.0,1.0,3.0,10
1463962,screenshots/8841520a-ae94-4f51-8000-ecbd8f8e494c.png,1.0,5.0,1.0,0.0,1.0,0.0,0.0,4.0,0.0,0.0,0.0,5.0,2.0,3.0,0.0,10
1463986,screenshots/4de686d9-bce9-4615-9708-54b5d08d148c.png,0.0,5.0,1.0,2.0,0.0,0.0,0.0,1.0,1.0,0.0,1.0,1.0,1.0,6.0,1.0,10
1464003,screenshots/093919ab-f896-4f9f-8572-58939bf7520f.png,4.0,4.0,6.0,2.0,4.0,0.0,0.0,0.0,1.0,1.0,9.0,3.0,0.0,1.0,1.0,10
1464094,screenshots/f942985d-c69a-48e2-943d-264e0d1832c5.png,3.0,3.0,2.0,0.0,1.0,0.0,0.0,3.0,1.0,0.0,0.0,7.0,2.0,1.0,1.0,10
1464256,screenshots/5de0b54f-e118-45fe-975a-aaf64fe67478.png,2.0,2.0,0.0,0.0,2.0,0.0,0.0,1.0,2.0,0.0,0.0,8.0,5.0,0.0,4.0,10
1464410,screenshots/e3dd3a59-4e83-4c1f-a47a-0e8ee54c835d.png,6.0,8.0,1.0,1.0,0.0,0.0,0.0,0.0,1.0,1.0,0.0,3.0,0.0,5.0,0.0,10
1464504,screenshots/7a9b8e43-ef54-4424-a5f8-2dd202b5f3bb.png,2.0,3.0,3.0,2.0,1.0,1.0,0.0,0.0,0.0,0.0,1.0,2.0,0.0,9.0,0.0,10
1464534,screenshots/cabebdbd-be24-4250-bfda-621d1712c368.png,0.0,0.0,0.0,0.0,0.0,0.0,4.0,9.0,2.0,0.0,0.0,3.0,0.0,5.0,0.0,11
1464539,screenshots/4511e82c-f879-4f1c-b21c-ed2e6d66ada3.png,2.0,1.0,1.0,3.0,2.0,1.0,1.0,3.0,2.0,2.0,0.0,4.0,0.0,4.0,1.0,10
1464542,screenshots/0996f1d7-1f95-408b-b852-df9c7a5c1784.png,9.0,3.0,7.0,7.0,3.0,0.0,1.0,1.0,0.0,3.0,2.0,1.0,1.0,0.0,1.0,10
1464567,screenshots/23bf943f-d7cd-4920-aad0-9c047ce6a648.png,2.0,0.0,1.0,0.0,0.0,0.0,1.0,3.0,1.0,0.0,0.0,7.0,1.0,3.0,1.0,10
1464590,screenshots/7f9afdb4-6ad4-4f7a-8996-2ef2a685c1f1.png,1.0,4.0,1.0,0.0,1.0,0.0,0.0,1.0,1.0,0.0,0.0,8.0,2.0,1.0,2.0,10
1464597,screenshots/b3f4ae80-6482-4ebd-a67a-aa77c326beab.png,4.0,3.0,2.0,0.0,1.0,0.0,0.0,1.0,2.0,1.0,0.0,7.0,3.0,2.0,5.0,11
1464648,screenshots/41cc52be-5d77-4d03-b386-71045884680a.png,0.0,1.0,0.0,2.0,11.0,2.0,0.0,5.0,0.0,4.0,0.0,2.0,0.0,0.0,2.0,11
1464649,screenshots/0af7fb7e-7add-4e43-831b-c792c31e1ba3.png,4.0,4.0,1.0,0.0,1.0,0.0,1.0,2.0,1.0,2.0,0.0,8.0,3.0,0.0,2.0,10
1464747,screenshots/b1d1dd09-0ca3-4426-86d4-2d1f514a3eed.png,4.0,2.0,1.0,3.0,5.0,1.0,1.0,1.0,1.0,3.0,5.0,3.0,0.0,0.0,0.0,10
1464751,screenshots/8cf62c77-a9f0-49bc-a845-520e14539052.png,4.0,3.0,0.0,0.0,1.0,0.0,1.0,3.0,3.0,1.0,0.0,4.0,1.0,1.0,3.0,10
1464793,screenshots/ea077d50-b9ba-413b-b179-15c48e7030da.png,3.0,4.0,1.0,0.0,3.0,0.0,0.0,1.0,1.0,1.0,0.0,3.0,1.0,4.0,1.0,10
1464809,screenshots/97e60bf2-4ff9-4e70-ba92-d821b3318e04.png,3.0,3.0,0.0,1.0,1.0,0.0,0.0,3.0,2.0,0.0,0.0,4.0,1.0,0.0,3.0,10
1464850,screenshots/a1083ae5-329e-48d2-a489-65d33a242a3d.png,1.0,3.0,4.0,2.0,0.0,0.0,4.0,2.0,4.0,1.0,0.0,3.0,3.0,0.0,1.0,10
1464894,screenshots/6304b5da-80ac-412e-867f-2bf8cdb8ad27.png,4.0,1.0,4.0,6.0,8.0,3.0,0.0,0.0,1.0,5.0,9.0,1.0,0.0,2.0,0.0,11
1464906,screenshots/32c7dc4c-7bb7-48c3-a20c-64d2eba5a89a.png,3.0,1.0,6.0,5.0,1.0,5.0,1.0,0.0,2.0,5.0,0.0,3.0,0.0,1.0,0.0,10
1464988,screenshots/1c210c15-ce0c-4186-8156-fd152639927b.png,5.0,6.0,0.0,5.0,3.0,0.0,0.0,1.0,0.0,0.0,0.0,2.0,0.0,3.0,0.0,11
1464995,screenshots/85836010-b001-481f-a7b1-25b210226125.png,0.0,2.0,1.0,0.0,2.0,0.0,1.0,3.0,3.0,0.0,0.0,3.0,0.0,2.0,2.0,10
1465007,screenshots/d72fd7ce-fa2b-4f4a-9e94-f434978acb2b.png,1.0,2.0,0.0,0.0,2.0,0.0,0.0,5.0,1.0,0.0,0.0,7.0,2.0,1.0,1.0,10
1465015,screenshots/d2a7b5ef-d08b-4f01-8b57-aaee7d81cde8.png,0.0,3.0,3.0,0.0,1.0,0.0,3.0,7.0,3.0,0.0,0.0,5.0,1.0,4.0,2.0,11
1465019,screenshots/30a9163e-b723-4006-ad14-51248f00b070.png,0.0,1.0,0.0,1.0,1.0,0.0,0.0,7.0,2.0,0.0,0.0,4.0,1.0,4.0,0.0,10
1465095,screenshots/a24c580e-a8af-453c-acbc-932ca18f680c.png,6.0,5.0,0.0,1.0,3.0,0.0,0.0,0.0,0.0,1.0,0.0,1.0,0.0,3.0,1.0,10
1465103,screenshots/b6670802-73cf-4a50-8688-d4c651ed94e1.png,0.0,4.0,2.0,0.0,3.0,1.0,0.0,2.0,0.0,1.0,0.0,7.0,0.0,3.0,0.0,10
1465106,screenshots/73951ca8-055e-47a3-9eec-afc8bb95a004.png,5.0,4.0,4.0,5.0,0.0,0.0,0.0,0.0,2.0,2.0,1.0,0.0,1.0,2.0,0.0,10
1465132,screenshots/cff92072-b65d-49bb-b21e-a3a39b889304.png,4.0,3.0,3.0,1.0,0.0,0.0,2.0,0.0,2.0,1.0,0.0,1.0,1.0,4.0,4.0,10
1465162,screenshots/246b9a2b-7785-43af-9653-d53b577636c3.png,5.0,3.0,3.0,7.0,1.0,0.0,0.0,0.0,0.0,1.0,0.0,1.0,0.0,2.0,1.0,10
1465218,screenshots/e7b58914-0b41-4787-a08a-aa0c1174525c.png,5.0,2.0,9.0,6.0,1.0,1.0,0.0,0.0,0.0,3.0,0.0,1.0,0.0,4.0,0.0,10
1465219,screenshots/89288ef8-ee5a-45ed-8dee-e586194aff2f.png,4.0,1.0,2.0,1.0,1.0,0.0,4.0,2.0,4.0,1.0,0.0,6.0,4.0,2.0,4.0,10
1465270,screenshots/656c852e-b09f-4c7c-ad91-b8a6d9fa5709.png,0.0,4.0,1.0,1.0,1.0,0.0,0.0,1.0,3.0,2.0,0.0,5.0,0.0,0.0,2.0,10
1465330,screenshots/bd4c5254-4c7b-4fcb-8980-67acb753f367.png,7.0,6.0,3.0,2.0,4.0,0.0,1.0,0.0,1.0,1.0,0.0,0.0,0.0,3.0,0.0,10
1465363,screenshots/0e6f4dd5-24ef-48a6-bef1-e897854b5919.png,4.0,1.0,7.0,6.0,1.0,0.0,0.0,0.0,1.0,3.0,0.0,1.0,0.0,1.0,0.0,10
1465380,screenshots/61f1e8f7-30d1-4d52-b045-6d14470c88fe.png,3.0,2.0,6.0,3.0,0.0,0.0,0.0,2.0,2.0,0.0,0.0,2.0,1.0,2.0,1.0,10
1465385,screenshots/c66bb94e-69ac-4f71-a355-3bde4c1bf323.png,1.0,5.0,0.0,1.0,2.0,0.0,0.0,2.0,3.0,0.0,0.0,4.0,0.0,3.0,0.0,10
1465472,screenshots/dd08310f-dfd8-42f0-9559-c11f8255eeec.png,3.0,1.0,3.0,3.0,1.0,0.0,2.0,3.0,3.0,1.0,0.0,4.0,0.0,0.0,1.0,10
1465493,screenshots/fe915102-0765-4600-b768-5630c50d4b9b.png,0.0,5.0,1.0,0.0,3.0,0.0,2.0,5.0,0.0,2.0,1.0,4.0,3.0,2.0,1.0,11
1465524,screenshots/bbae6cf0-e09c-44c5-a33a-de80729ad685.png,1.0,0.0,0.0,1.0,0.0,0.0,0.0,4.0,1.0,0.0,0.0,5.0,4.0,1.0,6.0,10
1465577,screenshots/754fb626-4d58-4fcd-84a9-44f34e4de546.png,3.0,3.0,6.0,7.0,4.0,0.0,0.0,2.0,1.0,0.0,0.0,2.0,0.0,2.0,1.0,11
1465628,screenshots/1727241d-0dbf-4296-8edb-706e70022db1.png,7.0,5.0,4.0,2.0,3.0,0.0,1.0,1.0,0.0,1.0,0.0,0.0,1.0,2.0,1.0,10
1465660,screenshots/2aae29a2-1d0e-486d-860c-7e2b614bfa3f.png,2.0,1.0,3.0,1.0,1.0,0.0,0.0,7.0,6.0,2.0,0.0,7.0,1.0,2.0,2.0,10
1465673,screenshots/9eab05ec-f753-4fb3-a00e-651873a25a63.png,3.0,1.0,9.0,7.0,1.0,1.0,0.0,2.0,1.0,3.0,0.0,0.0,0.0,1.0,0.0,10
1465703,screenshots/ea810f8c-f13c-450c-9b5b-9d88b2b288cc.png,0.0,1.0,0.0,0.0,0.0,0.0,0.0,7.0,3.0,0.0,0.0,4.0,3.0,1.0,2.0,10
1465714,screenshots/81ad5718-2c77-48d7-88ab-514ee2341298.png,3.0,2.0,3.0,2.0,3.0,0.0,0.0,2.0,0.0,1.0,0.0,6.0,0.0,1.0,1.0,10
1465717,screenshots/a9cfac03-99c5-493c-bd17-77ea32e0b9c4.png,4.0,2.0,9.0,4.0,2.0,2.0,0.0,0.0,3.0,1.0,0.0,0.0,0.0,2.0,0.0,10
1465725,screenshots/c39fcb38-f791-4b08-a2d9-6699c3de2111.png,2.0,0.0,8.0,5.0,1.0,2.0,1.0,1.0,2.0,4.0,2.0,1.0,0.0,1.0,0.0,10
1465793,screenshots/eccd8729-8545-4f9e-8003-37dbdcc922c7.png,3.0,1.0,6.0,3.0,1.0,4.0,1.0,2.0,2.0,1.0,0.0,0.0,1.0,1.0,1.0,10
1465811,screenshots/8d2a725d-9fd4-4c1c-b014-ec07019ed880.png,2.0,2.0,1.0,0.0,1.0,0.0,1.0,2.0,3.0,0.0,0.0,6.0,1.0,1.0,2.0,10
1465856,screenshots/069eed99-25cd-4be2-b46e-cfbcf3724eeb.png,2.0,2.0,2.0,0.0,0.0,1.0,3.0,4.0,1.0,1.0,0.0,3.0,1.0,0.0,1.0,10
1465887,screenshots/c927bcf9-2412-4790-96d5-4ec5f61ad9bc.png,6.0,1.0,3.0,3.0,1.0,0.0,0.0,0.0,1.0,2.0,0.0,5.0,2.0,4.0,3.0,11
1465912,screenshots/9ba526f1-ba78-421e-a8d9-64b4cf9c9907.png,1.0,4.0,1.0,0.0,1.0,0.0,1.0,4.0,0.0,0.0,1.0,4.0,0.0,1.0,1.0,10
1465916,screenshots/be8ebfaf-3089-433c-a92b-4698d05cfbca.png,5.0,2.0,6.0,8.0,0.0,0.0,0.0,0.0,0.0,3.0,0.0,1.0,0.0,6.0,0.0,10
1465919,screenshots/106c8a33-25ee-4e51-a873-61606c2577be.png,0.0,1.0,3.0,1.0,1.0,0.0,1.0,4.0,3.0,1.0,1.0,3.0,1.0,2.0,4.0,10
1465924,screenshots/e20b7912-dc86-447e-a8c8-6fcb1fb4a680.png,1.0,2.0,2.0,4.0,3.0,3.0,4.0,3.0,1.0,4.0,2.0,2.0,0.0,1.0,1.0,10
1465925,screenshots/bd6dc5a9-e802-4531-b509-ede0e24c37cc.png,0.0,0.0,1.0,0.0,1.0,0.0,3.0,4.0,3.0,1.0,0.0,5.0,2.0,1.0,1.0,10
1466000,screenshots/703a9fdb-87e3-40e0-95c3-6dfb4774246a.png,4.0,3.0,4.0,7.0,2.0,0.0,0.0,0.0,0.0,3.0,0.0,1.0,0.0,1.0,1.0,10
1466065,screenshots/75ffebe2-4c8d-41ea-b5bf-3638ec09b436.png,1.0,0.0,1.0,1.0,4.0,0.0,3.0,5.0,3.0,2.0,0.0,4.0,0.0,0.0,0.0,10
1466200,screenshots/98bce354-08ca-4943-82f6-40d672127b3f.png,2.0,1.0,5.0,6.0,1.0,1.0,0.0,0.0,1.0,1.0,0.0,2.0,0.0,4.0,1.0,10
1466220,screenshots/aaeabff8-b53f-4ab0-a97b-f1b2e2f9cef1.png,2.0,4.0,0.0,1.0,5.0,0.0,1.0,1.0,1.0,0.0,0.0,1.0,0.0,1.0,2.0,10
1466222,screenshots/318e7677-0e88-47e3-b180-924c11f0067d.png,0.0,3.0,0.0,0.0,2.0,0.0,1.0,6.0,3.0,0.0,0.0,4.0,1.0,3.0,2.0,10
1466260,screenshots/548abd0e-65cb-4577-8782-cb9f68ec5704.png,2.0,2.0,0.0,1.0,1.0,0.0,2.0,5.0,3.0,0.0,0.0,6.0,0.0,1.0,2.0,11
1466379,screenshots/bd3b8d75-56a4-4fb3-92d3-decb9f3e34f1.png,2.0,2.0,1.0,0.0,1.0,0.0,2.0,2.0,4.0,1.0,0.0,6.0,0.0,2.0,0.0,10
1466396,screenshots/479bbb40-bab2-41b1-93e8-2df43c1c882b.png,0.0,1.0,2.0,1.0,2.0,0.0,1.0,5.0,4.0,0.0,0.0,5.0,1.0,0.0,2.0,10
1466411,screenshots/285dbfc2-3ef9-4f7d-9077-b7826317219b.png,4.0,2.0,5.0,2.0,1.0,2.0,0.0,0.0,0.0,3.0,0.0,3.0,1.0,1.0,0.0,10
1466412,screenshots/d7b19a70-6db8-4845-99b6-2c387bb6ec9d.png,4.0,0.0,5.0,3.0,3.0,0.0,0.0,1.0,0.0,1.0,4.0,0.0,0.0,0.0,0.0,10
1466420,screenshots/4d57c0b3-64e4-486a-b6c0-1d6ab1863cbc.png,1.0,0.0,2.0,0.0,0.0,0.0,3.0,4.0,3.0,1.0,2.0,7.0,1.0,0.0,5.0,10
1466424,screenshots/c9100da1-9e78-4b94-a5fa-1f48db8e205b.png,1.0,1.0,0.0,1.0,1.0,0.0,1.0,5.0,4.0,0.0,0.0,3.0,0.0,3.0,1.0,10
1466493,screenshots/c3efd6a6-8094-4cc5-bb03-2d2496418075.png,0.0,0.0,0.0,2.0,1.0,0.0,5.0,6.0,3.0,1.0,0.0,3.0,2.0,1.0,5.0,10
1466501,screenshots/c26086c7-4ce2-4788-bab3-6c7fd6104dd0.png,4.0,2.0,8.0,8.0,0.0,0.0,0.0,1.0,1.0,0.0,0.0,2.0,0.0,0.0,3.0,10
1466531,screenshots/a99f9d9e-dd73-4365-b326-94bc93f75f10.png,0.0,3.0,0.0,0.0,0.0,0.0,0.0,4.0,3.0,0.0,0.0,5.0,1.0,2.0,0.0,10
1466565,screenshots/70259143-c800-4d88-bd78-54ebfeb722c8.png,3.0,1.0,2.0,1.0,3.0,1.0,1.0,5.0,3.0,0.0,0.0,5.0,0.0,3.0,0.0,10
1466575,screenshots/7cc1717a-7747-4b76-ba6d-aeca17aa5f6a.png,6.0,3.0,3.0,1.0,1.0,0.0,1.0,3.0,1.0,0.0,0.0,1.0,1.0,2.0,2.0,10
1466632,screenshots/72acabb9-3a26-4866-a686-e0990729ab2c.png,2.0,3.0,2.0,1.0,1.0,0.0,0.0,0.0,4.0,0.0,1.0,4.0,1.0,3.0,3.0,10
1466641,screenshots/65c4dc84-dd82-4fc3-9006-6b33d04c7a9b.png,2.0,1.0,1.0,0.0,1.0,0.0,1.0,6.0,3.0,0.0,0.0,5.0,3.0,3.0,1.0,10
1466686,screenshots/2899a832-911f-4aae-ab5d-36418be4b496.png,0.0,0.0,0.0,0.0,0.0,0.0,2.0,6.0,3.0,0.0,0.0,4.0,2.0,0.0,0.0,10
1466734,screenshots/2c0dbb10-22a7-4787-b977-18ad64554c6f.png,0.0,1.0,0.0,0.0,3.0,0.0,1.0,5.0,2.0,0.0,0.0,7.0,2.0,0.0,2.0,10
1466738,screenshots/4818617f-27b4-4a94-a66d-9c97cf55bb63.png,1.0,2.0,0.0,0.0,1.0,0.0,2.0,8.0,2.0,0.0,0.0,6.0,3.0,2.0,2.0,12
1466777,screenshots/7e7c26d2-c600-4b5c-8cd2-a6e66eb06932.png,1.0,3.0,2.0,0.0,1.0,0.0,0.0,3.0,3.0,0.0,0.0,7.0,1.0,2.0,4.0,10
1466779,screenshots/9fd73357-ad42-4f45-947f-11121eee2a47.png,6.0,3.0,1.0,0.0,2.0,0.0,0.0,0.0,2.0,0.0,0.0,4.0,0.0,2.0,1.0,10
1466795,screenshots/6f45297c-7ad3-4355-b69e-fbd7f9162d84.png,1.0,8.0,2.0,2.0,3.0,0.0,0.0,3.0,0.0,0.0,0.0,1.0,0.0,6.0,0.0,10
1466855,screenshots/9d1fc033-6ffa-4db8-b16b-af80f453f9f7.png,2.0,4.0,1.0,1.0,1.0,0.0,0.0,4.0,2.0,0.0,0.0,3.0,1.0,3.0,0.0,10
1466870,screenshots/5ad096db-672d-45b9-9ee8-7a96068cc030.png,3.0,0.0,1.0,0.0,0.0,0.0,1.0,4.0,5.0,0.0,0.0,5.0,3.0,2.0,3.0,10
1466876,screenshots/d871eee4-e417-454e-9937-e14fbb20e8e4.png,2.0,1.0,3.0,3.0,1.0,0.0,2.0,1.0,1.0,2.0,0.0,4.0,1.0,2.0,1.0,10
1466945,screenshots/10981e22-2997-4d19-8fe1-613d584aba2b.png,3.0,4.0,3.0,3.0,0.0,0.0,2.0,2.0,2.0,0.0,0.0,1.0,4.0,2.0,2.0,10
1466963,screenshots/556e2888-736c-43f3-a10a-603e4ffb4952.png,5.0,3.0,5.0,2.0,3.0,0.0,0.0,1.0,0.0,1.0,1.0,3.0,1.0,1.0,0.0,10
1466995,screenshots/1222db0f-37f7-42f9-beb8-527cdb4460f8.png,2.0,1.0,0.0,0.0,1.0,0.0,2.0,4.0,4.0,1.0,0.0,6.0,1.0,0.0,2.0,10
1467012,screenshots/49442bdb-ec2b-425f-8c62-93b3e4667bd8.png,2.0,3.0,0.0,1.0,1.0,1.0,0.0,2.0,0.0,1.0,0.0,7.0,0.0,0.0,2.0,10
1467019,screenshots/d84104e0-e2d1-49e8-a953-31386c1f566e.png,0.0,2.0,1.0,1.0,2.0,0.0,5.0,5.0,5.0,1.0,1.0,6.0,5.0,0.0,2.0,10
1467041,screenshots/372b4294-e063-4ff5-a74b-bfcfa3956236.png,7.0,5.0,1.0,2.0,1.0,0.0,0.0,1.0,1.0,0.0,0.0,2.0,0.0,5.0,0.0,10
1467128,screenshots/1126f002-11ba-4247-b326-f91c3a858c26.png,1.0,2.0,0.0,0.0,0.0,0.0,1.0,4.0,4.0,0.0,0.0,6.0,1.0,1.0,3.0,10
1467135,screenshots/e3b01682-0308-497e-9385-b070fdb84778.png,2.0,3.0,0.0,1.0,2.0,0.0,2.0,4.0,1.0,0.0,0.0,4.0,1.0,3.0,0.0,10
1467175,screenshots/513fb47c-851e-4f84-86d3-74a56732be13.png,1.0,7.0,1.0,1.0,4.0,0.0,1.0,3.0,1.0,0.0,0.0,1.0,1.0,4.0,0.0,10
1467218,screenshots/bd64a8df-6cc4-4199-9642-a8ba892dc072.png,2.0,2.0,3.0,2.0,4.0,0.0,2.0,3.0,1.0,1.0,0.0,3.0,1.0,1.0,1.0,10
1467265,screenshots/b478ee1b-27c0-4f9c-baa2-9e8dc676a598.png,1.0,2.0,0.0,1.0,0.0,0.0,2.0,7.0,1.0,0.0,0.0,6.0,0.0,1.0,0.0,10
1467293,screenshots/6504c03d-49d7-4a6e-b129-43b91ffcee9f.png,2.0,2.0,1.0,0.0,1.0,0.0,0.0,4.0,2.0,0.0,0.0,3.0,2.0,1.0,3.0,10
1467433,screenshots/62e62e0c-f16c-45a9-94b3-8dd3a82f6128.png,0.0,0.0,0.0,0.0,0.0,0.0,3.0,9.0,4.0,0.0,0.0,5.0,2.0,2.0,0.0,10
1467474,screenshots/91426333-2575-4bba-ba91-76e37e1dfca3.png,1.0,3.0,0.0,1.0,2.0,0.0,0.0,4.0,1.0,1.0,0.0,6.0,1.0,3.0,1.0,10
1467484,screenshots/4924f4f5-3f20-46b6-9a8b-65cd3e1b00b1.png,1.0,1.0,0.0,0.0,0.0,0.0,1.0,7.0,4.0,0.0,0.0,6.0,0.0,2.0,4.0,10
1467518,screenshots/be9def41-3d85-42e2-9d56-18c026faaf8d.png,2.0,3.0,1.0,2.0,2.0,0.0,0.0,4.0,2.0,2.0,0.0,1.0,3.0,1.0,3.0,11
1467521,screenshots/f9a9a101-c197-4f3d-a816-e62efabf0113.png,7.0,5.0,2.0,1.0,2.0,0.0,0.0,0.0,2.0,0.0,0.0,1.0,0.0,5.0,1.0,10
1467537,screenshots/0c422263-3dda-49e3-8f77-113251bb2270.png,0.0,2.0,0.0,1.0,2.0,0.0,1.0,4.0,5.0,0.0,0.0,6.0,4.0,0.0,0.0,11
1467549,screenshots/cef786df-7f28-41b9-862e-c936bf9d4760.png,2.0,4.0,0.0,0.0,3.0,2.0,1.0,6.0,0.0,0.0,0.0,6.0,2.0,0.0,0.0,11
1467681,screenshots/4fbeaed0-4bfd-4ce1-9573-1b005a4361b6.png,2.0,2.0,0.0,0.0,0.0,0.0,1.0,3.0,5.0,1.0,0.0,6.0,0.0,1.0,5.0,10
1467726,screenshots/9348a5dc-9b2a-46ea-8699-73a04fa8ae56.png,10.0,3.0,3.0,1.0,2.0,0.0,1.0,0.0,2.0,0.0,0.0,2.0,0.0,3.0,1.0,10
1467739,screenshots/54bddaed-3578-4b0e-87b0-6d408e88f519.png,0.0,0.0,0.0,0.0,2.0,0.0,1.0,7.0,3.0,0.0,0.0,6.0,1.0,0.0,2.0,10
1467892,screenshots/9cd12875-762e-479d-ba50-a3031a639da1.png,5.0,7.0,1.0,1.0,3.0,0.0,0.0,1.0,2.0,0.0,0.0,3.0,0.0,2.0,0.0,10
1467912,screenshots/d00b1780-8007-475e-b9de-f27201af6032.png,1.0,0.0,0.0,1.0,1.0,0.0,2.0,4.0,6.0,1.0,0.0,4.0,4.0,0.0,4.0,10
1467945,screenshots/03558417-819a-4f69-98b6-da01000a0854.png,1.0,2.0,0.0,0.0,1.0,0.0,0.0,6.0,0.0,0.0,0.0,6.0,2.0,1.0,1.0,10
1467959,screenshots/5fc37e2b-fe90-4c45-81e5-9073e2c8c96d.png,2.0,1.0,0.0,0.0,0.0,0.0,1.0,3.0,4.0,0.0,0.0,6.0,4.0,0.0,1.0,10
1468028,screenshots/6f8745d8-c3f2-4da5-88bf-b4a005862874.png,1.0,3.0,0.0,0.0,1.0,0.0,1.0,3.0,1.0,0.0,0.0,2.0,1.0,6.0,1.0,10
1468040,screenshots/9973720c-7fcd-43da-adbf-e45d7bc247d6.png,3.0,3.0,3.0,2.0,0.0,1.0,2.0,3.0,2.0,2.0,0.0,4.0,3.0,0.0,3.0,10
1468079,screenshots/5d75d571-a685-49f9-9858-f6bae557d9dc.png,2.0,2.0,6.0,4.0,1.0,2.0,3.0,2.0,2.0,3.0,0.0,2.0,1.0,4.0,0.0,11
1468087,screenshots/87aa3c11-22d8-4ca4-b0ff-3076323c04b3.png,2.0,3.0,0.0,1.0,5.0,0.0,1.0,2.0,0.0,0.0,0.0,3.0,0.0,4.0,1.0,10
1468122,screenshots/6f08c02a-0942-4809-8274-99766e896489.png,5.0,5.0,3.0,4.0,1.0,0.0,0.0,1.0,1.0,0.0,0.0,4.0,0.0,1.0,1.0,10
1468142,screenshots/eabd8d9b-b93d-4f64-9b12-644b967d16c8.png,1.0,2.0,0.0,0.0,1.0,0.0,1.0,6.0,2.0,0.0,0.0,8.0,3.0,0.0,1.0,12
1468148,screenshots/c2621475-72f8-44d4-b867-a3e64ac37712.png,2.0,1.0,2.0,4.0,2.0,0.0,0.0,7.0,0.0,1.0,1.0,3.0,2.0,1.0,2.0,10
1468157,screenshots/5b58de25-656e-4177-bacd-d076e1c3bf97.png,1.0,2.0,5.0,1.0,1.0,0.0,1.0,2.0,3.0,0.0,0.0,3.0,0.0,0.0,2.0,11
1468161,screenshots/84f3ecbf-7fd9-4477-8373-2f18a7da34fa.png,2.0,2.0,6.0,4.0,2.0,0.0,1.0,4.0,3.0,1.0,1.0,2.0,0.0,1.0,1.0,10
1468172,screenshots/d2c77f7b-941e-4cb3-83bb-7766e19ca79f.png,3.0,2.0,6.0,7.0,1.0,0.0,0.0,0.0,1.0,2.0,0.0,0.0,0.0,3.0,2.0,10
1468254,screenshots/0e285dce-1f1b-4c7f-b205-4d73ecc25ef7.png,6.0,5.0,3.0,0.0,5.0,3.0,0.0,1.0,2.0,0.0,0.0,1.0,0.0,0.0,2.0,10
1468323,screenshots/222a87a4-baab-4a2a-b546-1bfe843199b5.png,5.0,2.0,4.0,4.0,0.0,0.0,0.0,0.0,2.0,1.0,0.0,2.0,1.0,3.0,2.0,10
1468330,screenshots/70181325-cf51-4a15-8ecf-84e513854643.png,2.0,3.0,0.0,0.0,0.0,0.0,1.0,1.0,2.0,0.0,0.0,3.0,2.0,6.0,2.0,10
1468332,screenshots/5474368b-f979-4a0a-9674-2d1576a67e49.png,4.0,4.0,5.0,5.0,2.0,0.0,0.0,2.0,0.0,1.0,0.0,1.0,0.0,1.0,1.0,10
1468348,screenshots/04e2caa1-950b-49b0-a2cf-28476a7b455a.png,0.0,4.0,0.0,1.0,4.0,1.0,2.0,6.0,1.0,1.0,1.0,6.0,0.0,1.0,0.0,10
1468503,screenshots/3439e686-59c1-498c-892e-3d0f7c14e5d6.png,2.0,1.0,7.0,3.0,1.0,0.0,0.0,1.0,0.0,0.0,0.0,3.0,0.0,2.0,0.0,10
1468505,screenshots/c98994e4-c6ac-495d-b58b-22d979fd5b0b.png,0.0,2.0,3.0,2.0,1.0,0.0,1.0,4.0,4.0,0.0,0.0,4.0,0.0,4.0,1.0,10
1468523,screenshots/24d4545f-ce57-4180-8b31-457d20af0483.png,3.0,1.0,5.0,4.0,3.0,5.0,2.0,1.0,1.0,1.0,0.0,3.0,0.0,0.0,1.0,10
1468539,screenshots/9b6b81e8-0913-4c7a-ad63-427b216dca6c.png,5.0,6.0,0.0,0.0,2.0,0.0,0.0,0.0,0.0,0.0,0.0,5.0,1.0,2.0,0.0,10
1468584,screenshots/2adf3031-c5ff-4819-aff2-cb6fb71b6559.png,1.0,4.0,7.0,4.0,0.0,1.0,3.0,2.0,1.0,2.0,0.0,1.0,0.0,4.0,0.0,11
1468598,screenshots/0a26dc4c-5545-479a-bd61-c6857f33dd44.png,2.0,1.0,4.0,8.0,0.0,0.0,2.0,2.0,1.0,4.0,0.0,2.0,0.0,2.0,1.0,10
1468697,screenshots/a0161cb8-296d-4cc5-ad3f-d759047db34b.png,4.0,1.0,6.0,8.0,2.0,0.0,0.0,0.0,0.0,3.0,0.0,0.0,0.0,2.0,1.0,10
1468744,screenshots/02de114e-45d8-450e-bea1-bacd8a5f976b.png,0.0,0.0,0.0,0.0,0.0,0.0,1.0,2.0,3.0,2.0,0.0,9.0,7.0,0.0,5.0,10
1468745,screenshots/64117220-a85e-442e-a6f6-95c5cab62ef7.png,2.0,2.0,0.0,1.0,1.0,0.0,0.0,0.0,1.0,0.0,1.0,3.0,1.0,3.0,2.0,10
1468756,screenshots/d32b633a-433d-4a89-958b-33776a0c0285.png,4.0,6.0,3.0,1.0,3.0,1.0,0.0,2.0,0.0,1.0,0.0,2.0,0.0,4.0,0.0,10
1468805,screenshots/28b58a17-f98a-4b1c-8159-b47027ffd99e.png,4.0,1.0,1.0,1.0,1.0,0.0,1.0,3.0,3.0,0.0,0.0,2.0,0.0,4.0,3.0,10
1468855,screenshots/c5b2aa3f-526b-47f5-bfef-ba220ffe8af8.png,3.0,1.0,4.0,3.0,0.0,0.0,1.0,2.0,3.0,1.0,0.0,4.0,1.0,1.0,2.0,10
1468866,screenshots/7a3527c3-2fff-4480-af29-f9b536c1e1f8.png,4.0,3.0,5.0,8.0,0.0,0.0,0.0,0.0,3.0,1.0,0.0,3.0,0.0,0.0,1.0,10
1468874,screenshots/b7b04b08-5d29-4b9b-9f24-9de335db2e38.png,1.0,2.0,0.0,0.0,0.0,0.0,1.0,4.0,5.0,1.0,0.0,8.0,3.0,1.0,3.0,11
1468959,screenshots/6958fc78-80c9-4faa-9f3f-24206f96da1b.png,3.0,4.0,3.0,1.0,1.0,0.0,0.0,1.0,3.0,0.0,0.0,6.0,0.0,1.0,1.0,10
1469039,screenshots/098eda0d-f4a0-4d9f-b202-acc1850f1037.png,2.0,1.0,0.0,0.0,0.0,0.0,2.0,6.0,2.0,0.0,0.0,3.0,1.0,8.0,0.0,10
1469101,screenshots/9c17c0da-da41-4388-b80c-d8518251e2ce.png,0.0,1.0,0.0,0.0,1.0,0.0,6.0,8.0,4.0,0.0,0.0,5.0,1.0,1.0,0.0,10
1469144,screenshots/053c3693-72a5-4b7f-b408-3ee644bf0ca5.png,1.0,3.0,0.0,1.0,1.0,0.0,0.0,3.0,1.0,0.0,0.0,3.0,1.0,4.0,2.0,10
1469273,screenshots/1578306c-a6de-4d80-9f5f-3d6f81ef848f.png,4.0,4.0,4.0,0.0,2.0,0.0,2.0,4.0,2.0,0.0,0.0,4.0,0.0,1.0,0.0,10
1469324,screenshots/b67d2f1c-d2f9-456f-92f2-3f07be7b4b9b.png,1.0,1.0,1.0,1.0,0.0,0.0,3.0,7.0,7.0,0.0,0.0,4.0,0.0,0.0,4.0,10
1469331,screenshots/1ccb9631-a496-483c-a468-bc02bfb2e498.png,3.0,1.0,0.0,0.0,1.0,0.0,6.0,5.0,5.0,0.0,0.0,4.0,2.0,2.0,3.0,11
1469347,screenshots/87371257-3c13-429d-bcd9-47d496566308.png,0.0,4.0,2.0,0.0,2.0,0.0,0.0,0.0,2.0,0.0,0.0,5.0,0.0,2.0,1.0,10
1469393,screenshots/18beb50f-6937-40db-9202-d161fc7c2276.png,3.0,2.0,5.0,0.0,2.0,0.0,2.0,4.0,4.0,0.0,0.0,4.0,1.0,0.0,2.0,10
1469453,screenshots/f87bcf08-ce18-4758-a09f-df1c307e7e3b.png,2.0,5.0,6.0,2.0,2.0,0.0,1.0,0.0,0.0,0.0,0.0,1.0,1.0,5.0,0.0,10
1469473,screenshots/4e6e87f5-20d4-411f-a947-d3c014c8c61d.png,0.0,1.0,0.0,0.0,1.0,0.0,2.0,9.0,1.0,0.0,0.0,7.0,3.0,1.0,2.0,10
1469526,screenshots/5c3f7fe3-d9f7-4343-9465-d5fd9583832b.png,6.0,3.0,4.0,3.0,1.0,0.0,0.0,0.0,1.0,0.0,0.0,3.0,0.0,0.0,1.0,11
1469561,screenshots/67af0033-bbf9-43eb-b644-88eb3581c0c2.png,4.0,5.0,1.0,4.0,0.0,0.0,0.0,0.0,0.0,2.0,0.0,0.0,0.0,8.0,1.0,10
1469565,screenshots/04caab57-b8c5-49d8-ab68-8c8573887e54.png,2.0,7.0,0.0,0.0,3.0,0.0,0.0,1.0,2.0,0.0,0.0,5.0,3.0,1.0,2.0,13
1469567,screenshots/418dc577-8f7f-4f12-baca-83de59417e35.png,2.0,5.0,2.0,2.0,2.0,0.0,0.0,2.0,1.0,0.0,0.0,4.0,1.0,1.0,0.0,10
1469647,screenshots/87d80ecc-a3ba-4bd8-ad5d-52eb632025d6.png,1.0,3.0,0.0,0.0,1.0,0.0,1.0,4.0,1.0,0.0,0.0,4.0,3.0,4.0,0.0,10
1469656,screenshots/629a0d0a-dd75-4932-aba0-bd29fa345f5d.png,0.0,2.0,0.0,2.0,4.0,1.0,0.0,6.0,1.0,1.0,0.0,4.0,0.0,1.0,1.0,10
1469659,screenshots/8c2efbf9-a7fd-47d8-a3c8-7727b1a7ff98.png,3.0,1.0,1.0,0.0,1.0,0.0,0.0,0.0,0.0,0.0,0.0,1.0,1.0,9.0,1.0,10
1469669,screenshots/b4b64042-be54-4a1b-9a46-461bc99f2aeb.png,4.0,4.0,10.0,7.0,2.0,0.0,0.0,1.0,1.0,6.0,0.0,0.0,0.0,7.0,1.0,12
1469680,screenshots/80828465-8b3e-4aec-b364-f4d521ece872.png,0.0,0.0,1.0,1.0,1.0,0.0,1.0,8.0,5.0,1.0,0.0,8.0,1.0,0.0,2.0,11
1469693,screenshots/a7258539-3d64-4775-bb38-ea6213dace0e.png,2.0,2.0,3.0,2.0,2.0,1.0,3.0,6.0,2.0,0.0,0.0,3.0,0.0,2.0,1.0,11
1469701,screenshots/28b428eb-1ee4-45ac-baba-4a6897b8f212.png,1.0,0.0,2.0,0.0,1.0,0.0,2.0,5.0,3.0,0.0,0.0,6.0,3.0,0.0,0.0,10
1469715,screenshots/b8f65907-e060-4fb2-ae37-f2e9b915ff84.png,2.0,2.0,0.0,0.0,2.0,0.0,0.0,2.0,4.0,1.0,1.0,5.0,0.0,1.0,1.0,10
1469723,screenshots/d455dd2d-17ab-4836-94d0-e95ebda0c9ff.png,1.0,3.0,1.0,0.0,1.0,0.0,0.0,3.0,3.0,0.0,0.0,5.0,0.0,1.0,0.0,10
1469745,screenshots/e6890399-07db-4824-a284-e9917d8aaced.png,1.0,5.0,0.0,0.0,2.0,0.0,1.0,3.0,2.0,0.0,0.0,4.0,1.0,5.0,1.0,12
1469781,screenshots/a6a37d9f-ab10-47ea-8673-949c92361b83.png,2.0,4.0,2.0,1.0,3.0,0.0,0.0,2.0,0.0,0.0,0.0,4.0,0.0,4.0,0.0,10
1469786,screenshots/54043799-cd75-4e2e-9ef9-a177a90d0ded.png,0.0,2.0,0.0,0.0,0.0,0.0,0.0,8.0,4.0,2.0,0.0,4.0,0.0,0.0,1.0,10
1469814,screenshots/a646d43b-7548-405d-ad18-8f31ac9481f4.png,1.0,5.0,3.0,3.0,3.0,0.0,0.0,1.0,0.0,0.0,0.0,2.0,0.0,3.0,1.0,10
1469836,screenshots/cde50357-67d7-4807-a933-de4d278bf6c7.png,4.0,0.0,1.0,0.0,1.0,1.0,0.0,0.0,1.0,1.0,1.0,3.0,0.0,0.0,1.0,10
1469915,screenshots/085a36f7-4edb-4ee9-b8b6-2ee8332b97fa.png,1.0,7.0,0.0,0.0,1.0,0.0,0.0,6.0,0.0,0.0,0.0,9.0,3.0,0.0,3.0,10
1469969,screenshots/99f75b1a-2705-4b2e-b19c-04f7d8fd23c2.png,2.0,4.0,0.0,0.0,0.0,1.0,0.0,2.0,2.0,0.0,0.0,5.0,2.0,3.0,2.0,10
1470114,screenshots/51b46c77-834f-48c9-903e-8f6b61b14837.png,3.0,1.0,1.0,2.0,0.0,0.0,0.0,4.0,4.0,0.0,0.0,6.0,0.0,1.0,2.0,10
1470121,screenshots/06ddf54d-9f4f-446e-acdc-9339ba635968.png,5.0,2.0,4.0,5.0,0.0,0.0,0.0,1.0,2.0,1.0,0.0,2.0,0.0,0.0,1.0,10
1470148,screenshots/cfad2c4f-c710-4ad7-a636-d9311989e8c2.png,3.0,3.0,2.0,4.0,3.0,0.0,0.0,1.0,0.0,0.0,0.0,2.0,0.0,1.0,1.0,10
1470185,screenshots/8ea0f971-d120-486a-9ad8-371aa1a2d57d.png,1.0,3.0,0.0,0.0,3.0,0.0,0.0,3.0,0.0,1.0,1.0,7.0,1.0,2.0,3.0,10
1470203,screenshots/80d16c0e-4800-4ee3-8980-f5efa1d82428.png,1.0,1.0,0.0,2.0,1.0,0.0,1.0,6.0,2.0,1.0,0.0,2.0,0.0,1.0,0.0,10
1470231,screenshots/5b3ee12c-1b5a-4fad-b29d-4059adeeb02f.png,2.0,3.0,9.0,4.0,2.0,0.0,3.0,0.0,1.0,0.0,4.0,2.0,0.0,2.0,0.0,10
1470246,screenshots/1fd50210-cebf-4fb1-9795-4b33a60b827c.png,2.0,2.0,4.0,3.0,1.0,1.0,2.0,2.0,4.0,2.0,0.0,4.0,0.0,1.0,4.0,11
1470265,screenshots/76b998a5-e01c-45b5-ad6b-bf6f245cd82f.png,6.0,2.0,8.0,2.0,2.0,0.0,0.0,0.0,1.0,1.0,1.0,0.0,0.0,3.0,1.0,10
1470340,screenshots/f49d14a6-ca51-4f90-b03a-8a091ee9c615.png,7.0,1.0,11.0,7.0,5.0,8.0,0.0,1.0,0.0,5.0,0.0,0.0,0.0,2.0,0.0,11
1470355,screenshots/087cb9a8-3bbf-4b85-a4d6-1b0d1ac0c240.png,6.0,2.0,9.0,6.0,0.0,1.0,0.0,0.0,2.0,1.0,0.0,1.0,0.0,0.0,0.0,10
1470395,screenshots/ce10412f-79fd-4d2a-a076-e47f0528cf36.png,0.0,0.0,9.0,6.0,2.0,1.0,0.0,0.0,0.0,3.0,0.0,0.0,0.0,0.0,1.0,10
1470407,screenshots/1b97876a-4913-42b1-9f7f-82d10b19e5cf.png,5.0,4.0,5.0,4.0,0.0,1.0,0.0,0.0,0.0,3.0,0.0,0.0,0.0,2.0,1.0,10
1470429,screenshots/f178c008-9a43-4017-9e0b-24096d046c3d.png,6.0,2.0,8.0,7.0,5.0,1.0,0.0,0.0,0.0,3.0,0.0,3.0,0.0,2.0,3.0,10
1470503,screenshots/716f0521-114f-4a2b-abf0-1454a7723678.png,1.0,2.0,0.0,0.0,2.0,1.0,0.0,7.0,4.0,0.0,0.0,4.0,4.0,0.0,1.0,10
1470532,screenshots/3a4e6e7b-df3f-405c-85c2-2d38bd52d3b3.png,1.0,2.0,0.0,1.0,0.0,0.0,0.0,3.0,4.0,0.0,1.0,6.0,4.0,0.0,2.0,10
1470535,screenshots/33cbdd76-0531-43df-8337-5e3f47bb4be0.png,1.0,1.0,0.0,0.0,0.0,0.0,0.0,8.0,4.0,0.0,0.0,5.0,0.0,1.0,0.0,10
1470578,screenshots/b0e9cda1-cb1f-419b-b557-7d5d2e552e5a.png,0.0,2.0,0.0,0.0,1.0,0.0,2.0,4.0,3.0,0.0,0.0,6.0,4.0,0.0,7.0,11
1470614,screenshots/d7817fc1-1866-440d-a913-b5117a955112.png,1.0,2.0,2.0,2.0,1.0,0.0,0.0,2.0,0.0,0.0,2.0,6.0,0.0,1.0,1.0,10
1470633,screenshots/1100309d-b7a8-42bc-a236-f86b17e56116.png,2.0,5.0,2.0,2.0,1.0,0.0,0.0,0.0,2.0,1.0,0.0,3.0,0.0,2.0,2.0,10
1470790,screenshots/7e50d9a2-e37c-4e5f-a8a6-ae084c7f87af.png,2.0,2.0,1.0,1.0,1.0,0.0,2.0,5.0,0.0,1.0,0.0,4.0,3.0,5.0,0.0,11
1470817,screenshots/6c24f801-2dea-465b-8898-11d2c2b9bfe3.png,4.0,4.0,1.0,2.0,1.0,0.0,0.0,3.0,0.0,0.0,0.0,0.0,1.0,6.0,0.0,10
1470821,screenshots/cd9c2160-7285-4076-b697-eda453d18ccd.png,3.0,3.0,1.0,1.0,1.0,0.0,0.0,2.0,2.0,1.0,0.0,2.0,3.0,5.0,2.0,10
1470844,screenshots/c387c33e-5a0e-4beb-b6b6-6b4183a38c19.png,3.0,2.0,3.0,3.0,1.0,0.0,2.0,0.0,2.0,0.0,0.0,1.0,1.0,3.0,0.0,10
1470849,screenshots/421398e0-1851-4ac9-a8c5-7b6e3d08ff83.png,5.0,4.0,6.0,4.0,3.0,0.0,0.0,2.0,2.0,3.0,2.0,2.0,0.0,2.0,2.0,10
1470872,screenshots/0124328a-70d2-4d46-8f5d-4f0bc1637107.png,4.0,4.0,0.0,0.0,2.0,0.0,3.0,2.0,2.0,1.0,0.0,4.0,2.0,1.0,3.0,10
1470887,screenshots/a417594b-51dc-4b3e-8bbb-da75d3bccd05.png,0.0,2.0,1.0,1.0,0.0,0.0,1.0,4.0,1.0,1.0,0.0,6.0,0.0,5.0,0.0,10
1470895,screenshots/c132d093-fad7-4bf6-8761-d3f7bac4971c.png,6.0,4.0,3.0,2.0,3.0,0.0,0.0,2.0,1.0,3.0,0.0,1.0,2.0,1.0,5.0,12
1470998,screenshots/085832f2-3952-46d1-9a7e-8b8ca922359e.png,2.0,0.0,1.0,1.0,1.0,0.0,0.0,5.0,3.0,0.0,1.0,8.0,2.0,0.0,3.0,11
1471067,screenshots/2d435edd-18db-413c-af21-0336378aad57.png,2.0,3.0,6.0,6.0,2.0,1.0,0.0,0.0,1.0,0.0,6.0,1.0,0.0,2.0,0.0,10
1471126,screenshots/966b687f-8a54-4506-b30a-c0466a66b47b.png,1.0,3.0,1.0,0.0,3.0,0.0,2.0,7.0,2.0,0.0,0.0,5.0,2.0,3.0,1.0,10
1471141,screenshots/f20a724a-dfd9-419e-9f93-528acd35877d.png,0.0,1.0,2.0,3.0,1.0,1.0,1.0,0.0,2.0,5.0,6.0,1.0,0.0,0.0,0.0,10
1471171,screenshots/c0340694-4f90-44fd-9bd4-c692ea786287.png,4.0,5.0,6.0,3.0,6.0,5.0,0.0,0.0,0.0,3.0,1.0,1.0,0.0,0.0,1.0,10
1471178,screenshots/0cbbae65-16c0-4a69-a4ac-bc5dffc0ba9f.png,3.0,3.0,8.0,2.0,2.0,1.0,2.0,0.0,0.0,2.0,0.0,0.0,0.0,1.0,1.0,11
1471216,screenshots/df9a0f8e-413e-41ad-936c-99413b22e7d4.png,0.0,1.0,7.0,4.0,1.0,0.0,2.0,7.0,3.0,2.0,0.0,1.0,1.0,1.0,1.0,10
1471243,screenshots/ba3769d2-b0f6-46c8-ae54-7029aedb026c.png,5.0,1.0,5.0,2.0,2.0,3.0,0.0,0.0,1.0,1.0,0.0,0.0,0.0,2.0,2.0,10
1471245,screenshots/79ce717f-9bc4-43a6-ba3c-8db1e7ca33eb.png,2.0,3.0,0.0,0.0,2.0,0.0,2.0,4.0,0.0,0.0,1.0,3.0,2.0,4.0,3.0,10
1471414,screenshots/f9e4a4ad-6b3c-42b3-8c5e-9f69a851e088.png,1.0,4.0,4.0,0.0,4.0,0.0,1.0,3.0,1.0,0.0,1.0,4.0,1.0,5.0,1.0,11
1471419,screenshots/98048e3a-5611-4879-b78f-c65a8877a590.png,2.0,4.0,2.0,0.0,0.0,0.0,0.0,2.0,2.0,0.0,0.0,6.0,0.0,5.0,1.0,10
1471431,screenshots/b17359c6-2991-46b3-8930-4626d958a61c.png,4.0,4.0,0.0,1.0,3.0,0.0,0.0,4.0,1.0,0.0,0.0,3.0,0.0,0.0,2.0,10
1471488,screenshots/bb4f83f9-1ae2-45fc-afef-f1a80a1c365b.png,5.0,6.0,2.0,2.0,1.0,0.0,0.0,2.0,1.0,1.0,0.0,5.0,2.0,1.0,1.0,10
1471520,screenshots/be045cb1-9980-49f6-bd4b-3c9dd211154d.png,3.0,5.0,0.0,0.0,2.0,0.0,2.0,0.0,2.0,1.0,0.0,2.0,0.0,2.0,2.0,10
1471553,screenshots/2b3a5ce9-2fe7-451e-bec0-2fb1416acd76.png,0.0,2.0,0.0,0.0,0.0,0.0,2.0,5.0,2.0,2.0,0.0,5.0,4.0,1.0,5.0,10
1471570,screenshots/15f96462-3a68-4e14-b790-2af89bfeb6be.png,3.0,3.0,2.0,1.0,1.0,1.0,2.0,2.0,2.0,3.0,0.0,2.0,1.0,2.0,0.0,10
1471578,screenshots/05946795-cdbf-4324-9d72-89be3ebd760f.png,3.0,4.0,1.0,2.0,5.0,0.0,0.0,1.0,0.0,0.0,2.0,4.0,0.0,2.0,0.0,10
1471684,screenshots/def46750-27c0-449e-a48e-c6554f60beb3.png,1.0,3.0,0.0,1.0,1.0,0.0,0.0,4.0,2.0,0.0,0.0,7.0,1.0,0.0,0.0,10
1471755,screenshots/baf19581-3fc2-4c85-85d0-96e181adc476.png,2.0,2.0,2.0,0.0,0.0,0.0,1.0,2.0,2.0,1.0,0.0,3.0,0.0,5.0,1.0,10
1471808,screenshots/d08edb33-7bd8-4265-9908-b43d1674d301.png,1.0,4.0,0.0,0.0,0.0,0.0,1.0,4.0,3.0,0.0,0.0,5.0,3.0,0.0,2.0,10
1471867,screenshots/ff02df3a-3624-4f7f-9969-5167e1d4db81.png,1.0,1.0,2.0,2.0,2.0,0.0,0.0,2.0,3.0,1.0,0.0,2.0,2.0,1.0,0.0,10
1472003,screenshots/2e430590-ce4b-42f9-a6ec-1c95131471a4.png,0.0,2.0,0.0,0.0,0.0,0.0,0.0,2.0,1.0,0.0,0.0,4.0,2.0,3.0,6.0,10
1472009,screenshots/7bde5543-1cd3-40dc-bb41-32b0d1ad53f5.png,1.0,1.0,1.0,1.0,2.0,0.0,0.0,3.0,3.0,0.0,0.0,5.0,1.0,1.0,2.0,10
1472063,screenshots/7b1b5161-f392-41d5-a127-bd0d48141635.png,0.0,0.0,0.0,0.0,0.0,0.0,2.0,6.0,5.0,0.0,0.0,9.0,3.0,0.0,1.0,10
1472075,screenshots/521be32f-9bac-4643-a974-c2a5d41a7196.png,1.0,4.0,0.0,0.0,0.0,0.0,0.0,3.0,2.0,0.0,0.0,6.0,1.0,0.0,2.0,10
1472114,screenshots/d73969f1-8dfc-47c6-8bea-89c9c51591be.png,0.0,1.0,1.0,0.0,0.0,0.0,1.0,4.0,0.0,0.0,0.0,3.0,2.0,5.0,1.0,10
1472124,screenshots/f2a93872-8c93-40c2-bd75-7f05840bf92c.png,1.0,4.0,0.0,0.0,0.0,1.0,0.0,4.0,0.0,1.0,1.0,4.0,2.0,2.0,3.0,10
1472173,screenshots/f8f63a49-d0a8-4b2c-87fc-9bf951ceae68.png,5.0,5.0,4.0,7.0,4.0,0.0,0.0,1.0,2.0,2.0,0.0,4.0,1.0,3.0,1.0,11
1472186,screenshots/2e1ac7d8-1b4f-488c-9fa7-c10417877b82.png,1.0,2.0,5.0,4.0,1.0,0.0,0.0,1.0,0.0,2.0,0.0,3.0,2.0,2.0,3.0,10
1472231,screenshots/4d2c2136-42db-438a-a158-71e00a502fc4.png,4.0,3.0,1.0,0.0,3.0,0.0,0.0,2.0,1.0,0.0,0.0,1.0,1.0,1.0,5.0,10
1472265,screenshots/9e19b444-0565-43f7-b03c-d7caefbeea57.png,1.0,3.0,1.0,1.0,1.0,0.0,0.0,4.0,0.0,1.0,1.0,8.0,3.0,2.0,1.0,10
1472295,screenshots/f8310990-0267-445d-b860-41d2a46f7ff2.png,5.0,5.0,0.0,0.0,2.0,0.0,0.0,0.0,2.0,0.0,0.0,5.0,3.0,3.0,3.0,10
1472421,screenshots/0bfff4da-cf71-4960-9964-95257b2e3637.png,5.0,6.0,9.0,8.0,1.0,0.0,0.0,0.0,0.0,5.0,0.0,0.0,0.0,0.0,1.0,12
1472434,screenshots/0a86fc64-8287-49aa-bfe3-632f12e29d35.png,2.0,1.0,1.0,0.0,0.0,0.0,3.0,1.0,6.0,0.0,0.0,9.0,1.0,0.0,5.0,10
1472445,screenshots/9f7c322f-bb7b-4250-9818-fc30bc0d7ce6.png,7.0,2.0,7.0,6.0,2.0,1.0,0.0,0.0,0.0,3.0,5.0,0.0,0.0,2.0,0.0,10
1472484,screenshots/514061ef-89f4-4b75-89c6-e54c82b4a9eb.png,0.0,4.0,1.0,1.0,2.0,0.0,1.0,4.0,1.0,0.0,0.0,5.0,0.0,2.0,0.0,10
1472499,screenshots/f139665d-a47b-49d9-b95e-979fbba0612f.png,2.0,2.0,2.0,2.0,1.0,0.0,1.0,3.0,2.0,1.0,0.0,5.0,0.0,1.0,2.0,10
1472601,screenshots/bdeef8a7-5f9c-4c85-b0f8-088fb363ba6b.png,2.0,5.0,5.0,2.0,3.0,0.0,0.0,1.0,1.0,1.0,1.0,3.0,1.0,1.0,0.0,10
1472638,screenshots/f187567a-ec1c-4d86-a252-5961cd490ca9.png,3.0,0.0,0.0,1.0,0.0,0.0,0.0,1.0,5.0,1.0,0.0,5.0,3.0,3.0,1.0,10
1472730,screenshots/1882e671-231c-4bf4-a680-5838dc9c3bbd.png,4.0,2.0,4.0,1.0,5.0,1.0,1.0,3.0,2.0,2.0,0.0,3.0,0.0,2.0,1.0,10
1472734,screenshots/221a96aa-ff3b-4c39-8cbd-5380b805e6f9.png,1.0,3.0,1.0,1.0,3.0,0.0,0.0,6.0,0.0,1.0,0.0,6.0,2.0,0.0,5.0,11
1473002,screenshots/1cd283d1-e3d4-470e-92e4-891ae307f4d2.png,1.0,3.0,1.0,0.0,1.0,1.0,1.0,5.0,0.0,0.0,0.0,2.0,2.0,2.0,0.0,10
1473205,screenshots/42121d45-1af5-48bc-ac28-62f21df366d4.png,9.0,4.0,7.0,8.0,3.0,2.0,0.0,0.0,1.0,3.0,0.0,0.0,0.0,2.0,0.0,11
1473358,screenshots/d51e3201-1852-48d1-b14f-f9d102b3a929.png,0.0,3.0,7.0,2.0,1.0,0.0,2.0,2.0,3.0,1.0,0.0,1.0,0.0,3.0,0.0,11
1473380,screenshots/f11edd9e-bfcb-4a2f-8762-465e33103c89.png,4.0,2.0,8.0,5.0,1.0,2.0,0.0,0.0,0.0,2.0,2.0,2.0,0.0,1.0,0.0,10
1473388,screenshots/0e49a70f-6839-4259-b0d0-b3288ba8a365.png,6.0,3.0,7.0,8.0,1.0,2.0,0.0,0.0,1.0,1.0,0.0,1.0,0.0,1.0,0.0,10
1473440,screenshots/12d4cdb1-d430-45af-a49b-f510b03b568f.png,1.0,2.0,1.0,0.0,1.0,0.0,2.0,3.0,5.0,0.0,0.0,5.0,4.0,1.0,0.0,10
1473546,screenshots/77809d10-aa51-47ac-9178-158a323bae88.png,0.0,4.0,1.0,0.0,2.0,0.0,1.0,2.0,1.0,3.0,0.0,5.0,0.0,1.0,1.0,10
1473601,screenshots/b91199b0-f344-45e3-8f0a-ac18e8f46625.png,3.0,3.0,1.0,1.0,0.0,1.0,1.0,1.0,2.0,0.0,1.0,2.0,1.0,4.0,2.0,10
1473602,screenshots/4cc6765c-3c14-4059-99ff-fa5fe3d89770.png,3.0,0.0,3.0,1.0,2.0,1.0,3.0,0.0,3.0,1.0,4.0,0.0,0.0,2.0,2.0,10
1473666,screenshots/92860367-e419-496c-bd70-59151e88f04b.png,0.0,2.0,0.0,1.0,2.0,0.0,1.0,8.0,0.0,2.0,3.0,4.0,0.0,4.0,0.0,10
1473717,screenshots/5333f276-52aa-4f81-83fc-9c6a056b3fef.png,2.0,0.0,7.0,3.0,1.0,5.0,2.0,1.0,1.0,2.0,1.0,0.0,0.0,1.0,0.0,10
1473738,screenshots/d1f79e31-ca31-4098-b1d7-67c2872d5e0e.png,1.0,2.0,7.0,4.0,1.0,0.0,3.0,2.0,2.0,3.0,0.0,2.0,2.0,0.0,3.0,10
1473756,screenshots/3a255697-4871-4979-93db-096e0bfdb003.png,7.0,3.0,5.0,3.0,2.0,7.0,0.0,0.0,1.0,2.0,0.0,0.0,0.0,3.0,0.0,10
1473762,screenshots/7dfb2837-4137-44cd-ba0e-24e07887f27a.png,4.0,4.0,3.0,4.0,3.0,0.0,0.0,0.0,4.0,1.0,0.0,2.0,0.0,2.0,3.0,10
1473773,screenshots/d4020b59-3f3a-4abf-9325-b06ae8e97fe9.png,3.0,1.0,7.0,5.0,2.0,4.0,0.0,0.0,0.0,1.0,0.0,1.0,0.0,0.0,1.0,10
1473802,screenshots/21f34c2f-7767-4ebc-b957-25964584f138.png,6.0,4.0,9.0,5.0,2.0,2.0,0.0,0.0,0.0,3.0,0.0,1.0,0.0,1.0,0.0,10
1473914,screenshots/232ccb78-1e33-4156-8e10-15514b6acee4.png,7.0,4.0,10.0,4.0,3.0,3.0,0.0,0.0,0.0,1.0,0.0,0.0,0.0,2.0,0.0,10
1473958,screenshots/92f2402e-6cf5-4ce2-8415-97bf862f2633.png,2.0,4.0,1.0,1.0,2.0,0.0,1.0,4.0,1.0,0.0,0.0,5.0,0.0,2.0,0.0,10
1474143,screenshots/81b0bff6-ca62-4e0e-b508-d202d4eb01d4.png,2.0,2.0,3.0,1.0,3.0,0.0,2.0,5.0,1.0,0.0,0.0,4.0,0.0,0.0,2.0,10
1474246,screenshots/ebe78e93-b833-438e-89d4-c55c0639d380.png,1.0,2.0,0.0,0.0,0.0,0.0,1.0,5.0,1.0,0.0,0.0,5.0,2.0,3.0,3.0,10
1474249,screenshots/cc6771ed-ddab-44bd-b781-b55986ccdd0a.png,0.0,2.0,0.0,0.0,1.0,0.0,1.0,1.0,0.0,0.0,0.0,6.0,4.0,3.0,4.0,10
1474351,screenshots/2a198d18-0111-4b93-9746-b51024cf6f19.png,1.0,4.0,1.0,0.0,2.0,0.0,0.0,2.0,1.0,1.0,1.0,3.0,1.0,3.0,1.0,10
1474410,screenshots/156f1d57-770b-4221-9c1b-d4a2d7ac30e5.png,3.0,2.0,0.0,1.0,0.0,0.0,0.0,3.0,3.0,0.0,0.0,7.0,1.0,1.0,4.0,10
1474471,screenshots/baf725d5-2b1c-456e-983e-1026075bf047.png,3.0,0.0,0.0,0.0,4.0,0.0,1.0,5.0,1.0,0.0,0.0,7.0,0.0,0.0,2.0,10
1474545,screenshots/3a3f93de-adc6-43ae-b256-2a0cdc8da3c5.png,1.0,1.0,5.0,0.0,1.0,0.0,0.0,4.0,3.0,1.0,1.0,3.0,0.0,0.0,4.0,10
1474632,screenshots/d8cec0cb-9639-40d0-81e4-1398a4b72655.png,4.0,3.0,9.0,7.0,1.0,0.0,0.0,1.0,0.0,1.0,0.0,1.0,0.0,2.0,0.0,10
1474636,screenshots/7da261bd-f216-4cf6-a288-0144e4a189bc.png,3.0,3.0,4.0,4.0,2.0,0.0,0.0,0.0,2.0,0.0,0.0,2.0,1.0,2.0,2.0,10
1474724,screenshots/97bd2dca-7510-4087-bd46-fd32b94b8f04.png,1.0,1.0,1.0,1.0,4.0,0.0,3.0,6.0,0.0,1.0,0.0,5.0,2.0,0.0,4.0,10
1474786,screenshots/6338b833-8bef-48b3-85f8-242626891ed7.png,0.0,3.0,2.0,1.0,2.0,0.0,3.0,4.0,3.0,1.0,6.0,4.0,3.0,1.0,2.0,10
1474796,screenshots/5fdf969a-d12a-46dd-8d1b-00f986e4ee63.png,5.0,1.0,6.0,8.0,3.0,2.0,0.0,0.0,1.0,0.0,1.0,0.0,0.0,1.0,0.0,10
1474809,screenshots/e7aa25d3-213d-4eb2-977d-efda0ebd2924.png,0.0,2.0,0.0,0.0,2.0,0.0,3.0,7.0,1.0,0.0,0.0,6.0,3.0,0.0,2.0,10
1474812,screenshots/d11b77fc-a40e-4e0a-9d50-272099087974.png,0.0,3.0,0.0,0.0,2.0,0.0,1.0,4.0,3.0,0.0,0.0,5.0,4.0,0.0,4.0,11
1474819,screenshots/b39ec484-72cc-44ec-bd19-de12c0fdce81.png,1.0,3.0,1.0,1.0,0.0,1.0,1.0,3.0,3.0,0.0,0.0,5.0,1.0,1.0,1.0,10
1474920,screenshots/30d8965d-0bae-476d-8370-88dc75d7e817.png,1.0,3.0,0.0,0.0,3.0,0.0,0.0,3.0,0.0,2.0,1.0,5.0,2.0,3.0,2.0,10
1474994,screenshots/b783ea4e-ade0-4435-9d40-f07e4aca3623.png,5.0,2.0,7.0,5.0,3.0,0.0,0.0,0.0,0.0,4.0,0.0,0.0,0.0,0.0,0.0,10
1475019,screenshots/28940f55-4119-4f74-9b74-f25506747c51.png,4.0,2.0,7.0,4.0,3.0,1.0,0.0,0.0,1.0,4.0,0.0,0.0,1.0,1.0,0.0,10
1475235,screenshots/02ca44d5-8cd5-4e10-8c92-ebfc8b18df62.png,4.0,2.0,3.0,2.0,1.0,1.0,2.0,4.0,2.0,2.0,0.0,6.0,2.0,0.0,2.0,11
1475257,screenshots/d95530c6-8895-4e32-8659-5abcd171d56b.png,2.0,5.0,0.0,1.0,2.0,0.0,2.0,6.0,1.0,1.0,0.0,6.0,2.0,1.0,1.0,10
1475331,screenshots/4cc676d5-8d98-4f1c-b1dd-c130f414e2ea.png,2.0,3.0,2.0,1.0,0.0,0.0,2.0,1.0,2.0,1.0,1.0,5.0,3.0,0.0,5.0,10
1475369,screenshots/bda05177-3263-4449-a0f1-85ba21de61b7.png,4.0,4.0,0.0,0.0,0.0,0.0,2.0,3.0,3.0,1.0,0.0,3.0,1.0,2.0,2.0,10
1475428,screenshots/4f490f96-705e-479e-9b53-92fc5013d7d5.png,4.0,3.0,3.0,5.0,3.0,0.0,0.0,4.0,1.0,3.0,0.0,3.0,1.0,3.0,1.0,10
1475479,screenshots/9b8cdf0a-a334-4819-b233-15e3f535e19e.png,2.0,6.0,2.0,1.0,2.0,0.0,1.0,1.0,0.0,1.0,0.0,3.0,0.0,0.0,1.0,10
1475480,screenshots/29914976-62b3-4227-bac1-c793f393a338.png,6.0,9.0,5.0,6.0,2.0,0.0,0.0,0.0,0.0,2.0,0.0,3.0,0.0,2.0,0.0,11
1475508,screenshots/542483b4-177e-4938-ab25-ec4c8da3747b.png,1.0,1.0,2.0,0.0,1.0,0.0,1.0,8.0,2.0,1.0,0.0,5.0,0.0,4.0,0.0,12
1475583,screenshots/e68794af-40bf-4138-b9a6-2ff5c44a5139.png,2.0,5.0,1.0,2.0,5.0,2.0,0.0,1.0,1.0,0.0,0.0,4.0,1.0,2.0,1.0,11
1475601,screenshots/f582189c-2952-4a5c-913a-80e7fa0c20af.png,2.0,6.0,2.0,3.0,3.0,0.0,0.0,2.0,0.0,1.0,0.0,4.0,0.0,0.0,1.0,10
1475612,screenshots/3425cc1a-3114-4847-895d-089c46a8789a.png,0.0,3.0,0.0,1.0,1.0,0.0,2.0,6.0,0.0,2.0,0.0,7.0,3.0,0.0,3.0,10
1475620,screenshots/9d1d6232-dc2d-4a37-ae9a-c720065d7b49.png,2.0,1.0,6.0,5.0,1.0,0.0,2.0,1.0,1.0,1.0,0.0,1.0,1.0,1.0,1.0,11
1475695,screenshots/3aa90f67-75ce-4299-82d4-a2d912868da0.png,1.0,4.0,1.0,1.0,2.0,0.0,1.0,6.0,2.0,1.0,0.0,7.0,2.0,1.0,2.0,13
1475803,screenshots/74542b1a-b7bb-4743-b815-72f954fda2a0.png,3.0,1.0,4.0,4.0,1.0,0.0,0.0,0.0,3.0,0.0,1.0,3.0,0.0,5.0,1.0,10
1475997,screenshots/9885a01c-564e-4660-8631-065bd5d8a210.png,4.0,1.0,7.0,2.0,2.0,0.0,5.0,1.0,1.0,0.0,0.0,1.0,1.0,1.0,0.0,11
1476110,screenshots/c53beaf4-a838-43ef-97f8-7439626e123b.png,5.0,1.0,3.0,2.0,1.0,0.0,0.0,2.0,1.0,0.0,0.0,3.0,0.0,2.0,0.0,10
1476136,screenshots/ae6ae787-7982-4889-88bc-bf4661ff4ada.png,0.0,0.0,3.0,2.0,2.0,0.0,4.0,3.0,5.0,0.0,0.0,5.0,1.0,0.0,5.0,10
1476143,screenshots/741bcff1-5fec-4b65-9f63-9691cc3f4ee5.png,3.0,0.0,3.0,1.0,1.0,0.0,5.0,4.0,2.0,1.0,0.0,2.0,1.0,2.0,1.0,10
1476202,screenshots/4e2ced60-028f-452e-9f1e-e69c7b1333f0.png,2.0,7.0,1.0,1.0,4.0,0.0,0.0,2.0,0.0,1.0,0.0,4.0,1.0,3.0,1.0,11
1476227,screenshots/9c3b7b46-02b6-44a7-bad8-b75f2b95aeeb.png,1.0,2.0,1.0,0.0,0.0,0.0,0.0,4.0,4.0,1.0,0.0,4.0,2.0,0.0,3.0,10
1476238,screenshots/bbc40cdf-4ce4-436a-9a60-f5d66c88971e.png,2.0,4.0,2.0,3.0,2.0,0.0,3.0,1.0,3.0,1.0,0.0,3.0,0.0,0.0,1.0,10
1476490,screenshots/9fcceba2-5ff6-4ac3-8fa3-64d8e26666e4.png,6.0,2.0,0.0,3.0,4.0,0.0,0.0,1.0,0.0,1.0,0.0,2.0,0.0,0.0,1.0,10
1476550,screenshots/6564503a-44f9-42f8-8eaf-9b833a215ad3.png,4.0,4.0,0.0,1.0,2.0,0.0,1.0,1.0,1.0,1.0,0.0,6.0,0.0,1.0,2.0,11
1476603,screenshots/025f7991-7ed6-41bf-ab32-941debcfb480.png,3.0,4.0,4.0,3.0,2.0,0.0,0.0,2.0,1.0,1.0,0.0,5.0,0.0,1.0,1.0,10
1476615,screenshots/717bec5c-f282-4e76-83ae-ce12c2044d3b.png,3.0,2.0,0.0,0.0,1.0,0.0,1.0,2.0,1.0,0.0,0.0,7.0,2.0,1.0,1.0,10
1476767,screenshots/905ef316-03e2-4b46-8a2a-130c78b481e2.png,2.0,3.0,1.0,1.0,2.0,0.0,0.0,1.0,2.0,3.0,0.0,5.0,1.0,1.0,1.0,10
1476790,screenshots/5f992b9b-c1b8-49c1-96d0-d6288696b412.png,3.0,2.0,1.0,2.0,1.0,1.0,0.0,0.0,3.0,1.0,0.0,4.0,0.0,1.0,1.0,11
1476817,screenshots/9fd3777d-f319-4990-af98-dbd167b7f6dc.png,1.0,3.0,1.0,1.0,2.0,0.0,2.0,3.0,0.0,0.0,5.0,5.0,0.0,3.0,1.0,10
1476836,screenshots/0837bc01-66b4-49af-94b2-ee72055c974b.png,3.0,1.0,1.0,2.0,3.0,1.0,1.0,5.0,1.0,1.0,0.0,5.0,1.0,1.0,3.0,10
1476838,screenshots/6e18fe56-1ffb-40b1-83da-9e3b1510618d.png,2.0,2.0,1.0,1.0,0.0,0.0,3.0,3.0,4.0,1.0,0.0,6.0,1.0,1.0,3.0,11
1476876,screenshots/58d4f00e-dd2c-4b41-817d-4d026a551fac.png,1.0,0.0,0.0,1.0,0.0,0.0,1.0,8.0,5.0,1.0,0.0,8.0,5.0,0.0,0.0,11
1476879,screenshots/7d652d56-31b0-492a-b3d3-fe5038dd7910.png,3.0,6.0,6.0,1.0,1.0,0.0,0.0,0.0,1.0,0.0,0.0,2.0,0.0,1.0,0.0,10
1476883,screenshots/753c788d-e8c1-4d7c-b15a-473e85c37d26.png,1.0,2.0,1.0,0.0,3.0,0.0,2.0,6.0,2.0,0.0,0.0,6.0,2.0,0.0,1.0,10
1476889,screenshots/83b892a3-5e19-4fa2-9761-f046ce39ba0f.png,0.0,0.0,1.0,2.0,0.0,0.0,1.0,6.0,5.0,0.0,1.0,6.0,2.0,0.0,6.0,10
1476898,screenshots/dbee0b65-ca17-415b-a12a-74762eb816f2.png,3.0,5.0,1.0,1.0,1.0,0.0,0.0,0.0,1.0,0.0,0.0,2.0,0.0,5.0,1.0,10
1476943,screenshots/858e9c3f-656f-489d-b3ba-2c13fe051b75.png,0.0,1.0,0.0,0.0,0.0,0.0,3.0,5.0,3.0,0.0,0.0,3.0,4.0,2.0,2.0,10
1476967,screenshots/a725f460-2b66-4b29-aed1-b911c5a6a1b3.png,2.0,1.0,1.0,1.0,0.0,0.0,1.0,4.0,5.0,1.0,0.0,5.0,1.0,2.0,3.0,10
1477037,screenshots/5f5b8f3c-565e-454d-9758-5841a64a4304.png,0.0,1.0,0.0,1.0,2.0,0.0,0.0,7.0,3.0,0.0,0.0,6.0,1.0,3.0,3.0,10
1477062,screenshots/9efdff3a-f140-492b-a325-37a513535d1e.png,2.0,1.0,2.0,3.0,2.0,0.0,1.0,1.0,3.0,0.0,0.0,6.0,0.0,0.0,2.0,10
1477101,screenshots/3da80483-ded9-4d43-8c00-6bbd5dfe8e5f.png,5.0,1.0,5.0,4.0,0.0,0.0,0.0,3.0,3.0,0.0,0.0,4.0,2.0,3.0,4.0,10
1477164,screenshots/7927ae30-df18-4059-871f-3ae5fb6bef10.png,4.0,1.0,7.0,3.0,1.0,4.0,1.0,2.0,1.0,2.0,0.0,2.0,0.0,1.0,0.0,10
1477175,screenshots/753fefe4-f780-4730-9cf6-66924751a39e.png,2.0,2.0,8.0,4.0,1.0,5.0,1.0,1.0,0.0,2.0,0.0,0.0,0.0,3.0,0.0,10
1477184,screenshots/1a258462-39bb-4ccf-ac9e-84208decdd82.png,1.0,1.0,8.0,4.0,2.0,2.0,3.0,1.0,0.0,2.0,0.0,3.0,0.0,1.0,0.0,10
1477197,screenshots/cb4f0e7a-b1d3-4726-9be5-4015ff9a4860.png,1.0,4.0,1.0,3.0,5.0,1.0,1.0,1.0,0.0,0.0,5.0,1.0,0.0,1.0,1.0,10
1477215,screenshots/8b5f7fbd-d599-45b1-998f-d0e69df1b767.png,4.0,1.0,1.0,2.0,4.0,2.0,1.0,1.0,0.0,2.0,4.0,3.0,1.0,2.0,0.0,10
1477335,screenshots/5492067c-bb0d-4b26-9f70-45c3b1de653d.png,2.0,4.0,5.0,4.0,5.0,3.0,2.0,1.0,1.0,3.0,0.0,1.0,1.0,1.0,1.0,10
1477410,screenshots/39372998-1c50-4db4-86f4-bb5482f18f09.png,4.0,0.0,6.0,9.0,2.0,0.0,0.0,0.0,0.0,3.0,0.0,1.0,0.0,5.0,0.0,10
1477559,screenshots/918a31e9-68ac-4b78-bf68-d3b7e69cad32.png,0.0,2.0,1.0,0.0,1.0,0.0,0.0,6.0,3.0,1.0,0.0,6.0,1.0,2.0,1.0,10
1477576,screenshots/27ddd5b0-18c1-45f1-aed6-f88bbea7511b.png,5.0,3.0,3.0,1.0,3.0,0.0,0.0,0.0,2.0,0.0,0.0,6.0,0.0,2.0,0.0,11
1477704,screenshots/8670085f-6700-4a8d-bf4e-081720994345.png,0.0,1.0,0.0,1.0,2.0,0.0,2.0,5.0,2.0,1.0,5.0,4.0,2.0,0.0,0.0,10
1477859,screenshots/aadd589a-01e9-47b4-9f6b-a201f42d82bb.png,2.0,1.0,0.0,1.0,1.0,0.0,1.0,4.0,3.0,0.0,0.0,5.0,2.0,0.0,3.0,10
1477895,screenshots/6eb29b96-ebe3-4258-b7bf-659eb5209cc2.png,0.0,5.0,0.0,0.0,0.0,0.0,2.0,5.0,3.0,0.0,0.0,7.0,3.0,0.0,5.0,10
1477921,screenshots/9ea372ae-a1ec-4a5e-bf88-18984812e8ab.png,2.0,3.0,0.0,0.0,3.0,0.0,0.0,2.0,0.0,1.0,0.0,5.0,1.0,0.0,3.0,10
1477932,screenshots/6e453937-ed64-4ec6-a6f6-fb9db77426aa.png,5.0,4.0,2.0,0.0,3.0,0.0,0.0,3.0,3.0,1.0,0.0,5.0,0.0,1.0,1.0,10
1477944,screenshots/bf0a1418-b3ae-4a11-ba7c-3d085a1194b4.png,1.0,4.0,4.0,3.0,1.0,0.0,0.0,3.0,1.0,0.0,0.0,4.0,0.0,0.0,1.0,10
1477945,screenshots/8df13d0c-ccdf-4ab6-b164-2c46a9a74bef.png,2.0,4.0,1.0,1.0,1.0,0.0,2.0,6.0,2.0,1.0,0.0,3.0,5.0,2.0,1.0,10
1477962,screenshots/d50f534c-beaa-4e6a-8572-28c05a31453f.png,4.0,3.0,1.0,0.0,1.0,1.0,1.0,4.0,0.0,1.0,0.0,3.0,0.0,6.0,2.0,11
1477968,screenshots/997913ef-d3d9-487e-b201-3012eb111474.png,0.0,1.0,0.0,0.0,2.0,0.0,3.0,5.0,4.0,0.0,0.0,3.0,2.0,1.0,4.0,10
1477983,screenshots/7c33d525-e363-4be3-8ece-9c01a72bcec7.png,1.0,5.0,2.0,3.0,0.0,0.0,1.0,0.0,1.0,3.0,0.0,1.0,1.0,0.0,1.0,10
1477984,screenshots/a053d012-b1fc-40c6-bd71-5a856f32abaf.png,5.0,6.0,2.0,2.0,0.0,0.0,0.0,0.0,0.0,0.0,0.0,0.0,0.0,5.0,0.0,10
1478023,screenshots/bb74d567-774d-4d44-b01e-d8bfd403c077.png,1.0,3.0,1.0,0.0,2.0,0.0,0.0,1.0,0.0,2.0,0.0,5.0,3.0,0.0,2.0,10
1478147,screenshots/8d13c526-3a36-4d24-8083-0430eb9fb720.png,5.0,6.0,2.0,1.0,1.0,0.0,0.0,0.0,1.0,1.0,0.0,2.0,0.0,5.0,0.0,10
1478276,screenshots/edf08171-9580-4bc7-9dad-9a33c17cf8b5.png,3.0,5.0,2.0,0.0,3.0,0.0,0.0,0.0,1.0,0.0,0.0,2.0,0.0,4.0,1.0,10
1478285,screenshots/66ce5a34-3f27-4a96-92bf-573cdb328d18.png,4.0,8.0,1.0,2.0,0.0,0.0,0.0,0.0,0.0,0.0,1.0,2.0,0.0,3.0,0.0,10
1478327,screenshots/7997b348-d00d-4ae7-840e-e545bacdae2f.png,5.0,6.0,2.0,2.0,0.0,0.0,0.0,1.0,2.0,0.0,0.0,3.0,0.0,1.0,1.0,10
1478334,screenshots/1b584b47-463c-4a87-8d6a-6b8d37790ae4.png,2.0,4.0,2.0,0.0,2.0,0.0,1.0,3.0,0.0,1.0,0.0,2.0,0.0,5.0,1.0,10
1478371,screenshots/00ec770d-ba5b-40cc-ae76-58b5e2b40e7c.png,1.0,2.0,1.0,0.0,1.0,0.0,2.0,3.0,3.0,0.0,0.0,4.0,0.0,0.0,1.0,10
1478444,screenshots/f0f57b8d-5ea2-4dc7-a338-2d4bf89bf557.png,1.0,4.0,4.0,2.0,7.0,0.0,2.0,2.0,0.0,4.0,0.0,3.0,2.0,0.0,1.0,11
1478616,screenshots/4695072f-b5ca-48e6-8df4-8e327d8e9dee.png,1.0,3.0,8.0,4.0,3.0,4.0,1.0,0.0,2.0,1.0,0.0,1.0,0.0,1.0,0.0,10
1478673,screenshots/7f1470b8-068e-4a38-91b2-585b55df6a40.png,2.0,3.0,7.0,4.0,0.0,3.0,5.0,0.0,3.0,0.0,0.0,3.0,0.0,0.0,0.0,10
1478691,screenshots/92f8fbf7-66b2-4d49-a543-19e793f3e662.png,3.0,2.0,8.0,3.0,3.0,2.0,3.0,0.0,0.0,2.0,0.0,1.0,0.0,2.0,1.0,11
1478707,screenshots/34caacd0-871e-454b-97ba-c7adba21971d.png,2.0,5.0,6.0,4.0,3.0,1.0,1.0,0.0,2.0,1.0,0.0,1.0,0.0,3.0,3.0,10
1478753,screenshots/8edccacd-f309-4e52-8e02-fbfb13ee2f93.png,0.0,4.0,1.0,0.0,1.0,0.0,0.0,3.0,0.0,0.0,0.0,5.0,1.0,1.0,3.0,10
1478790,screenshots/94a3c837-a3ed-4f40-83db-c04cb1f7c502.png,3.0,3.0,7.0,1.0,2.0,0.0,0.0,0.0,0.0,1.0,0.0,0.0,0.0,3.0,0.0,10
1478837,screenshots/1962cde1-95f9-4094-9ec8-e6bc8490786a.png,1.0,0.0,2.0,2.0,1.0,0.0,3.0,1.0,1.0,0.0,0.0,3.0,2.0,1.0,5.0,10
1478922,screenshots/b814ea4e-be7a-4143-86ab-e54862809444.png,2.0,1.0,7.0,2.0,0.0,1.0,0.0,0.0,0.0,1.0,0.0,3.0,0.0,2.0,3.0,10
1478943,screenshots/66458f4f-1b6f-40e3-937d-d31a09dc4c0f.png,0.0,4.0,2.0,0.0,0.0,1.0,0.0,3.0,0.0,0.0,0.0,3.0,1.0,4.0,1.0,10
1478986,screenshots/82be9535-8cf8-4c81-b003-ffadc0d91b38.png,2.0,3.0,2.0,4.0,0.0,0.0,0.0,1.0,3.0,0.0,0.0,1.0,0.0,2.0,4.0,10
1479017,screenshots/b3fc2db8-6bd8-4f36-b912-779bd929068c.png,3.0,4.0,7.0,5.0,4.0,3.0,1.0,0.0,0.0,1.0,3.0,0.0,0.0,1.0,0.0,10
1479062,screenshots/e8ccb213-f022-49f8-80b8-152aca09d740.png,5.0,2.0,5.0,5.0,1.0,0.0,1.0,0.0,1.0,0.0,0.0,2.0,0.0,0.0,1.0,10
1479071,screenshots/2b88c2ec-ac65-48c4-83ed-a2205ab8bdf2.png,5.0,6.0,3.0,3.0,1.0,0.0,0.0,0.0,2.0,1.0,0.0,4.0,1.0,2.0,3.0,10
1479136,screenshots/3e12fa66-864c-45d0-b831-0075057d759b.png,4.0,2.0,6.0,6.0,1.0,0.0,1.0,0.0,0.0,3.0,1.0,1.0,0.0,3.0,2.0,10
1479139,screenshots/fd6c4b6c-836f-4072-8180-27116adf8328.png,3.0,4.0,2.0,1.0,2.0,0.0,0.0,4.0,2.0,0.0,0.0,7.0,1.0,1.0,2.0,11
1479182,screenshots/524b5e86-5ca2-45c2-908e-a02310ccfb69.png,2.0,1.0,1.0,1.0,1.0,0.0,2.0,4.0,3.0,1.0,0.0,4.0,2.0,1.0,0.0,10
1479187,screenshots/ffeb824b-5758-4555-9e7c-85b4b254ff74.png,1.0,2.0,1.0,0.0,1.0,0.0,1.0,1.0,2.0,0.0,0.0,5.0,3.0,5.0,2.0,11
1479189,screenshots/b3622b0a-023e-46f7-aeba-9f551f52c5f3.png,1.0,1.0,5.0,3.0,2.0,0.0,1.0,0.0,2.0,2.0,0.0,3.0,1.0,2.0,0.0,10
1479228,screenshots/d3116998-f0a8-4530-bb45-bbb8aff4778e.png,5.0,5.0,3.0,2.0,1.0,0.0,0.0,0.0,1.0,0.0,1.0,2.0,1.0,4.0,2.0,11
1479291,screenshots/3781f47f-6c48-4786-9f55-7d38852b442e.png,0.0,4.0,1.0,0.0,2.0,0.0,2.0,6.0,4.0,0.0,0.0,6.0,0.0,3.0,0.0,10
1479419,screenshots/13f64e67-ef2d-47d0-b098-d08692791110.png,1.0,2.0,1.0,1.0,0.0,0.0,1.0,7.0,2.0,0.0,0.0,2.0,1.0,2.0,0.0,10
1479467,screenshots/95f06d85-69e1-4622-ac59-0445763698bf.png,2.0,4.0,3.0,2.0,2.0,0.0,0.0,0.0,0.0,1.0,1.0,3.0,0.0,3.0,0.0,10
1479491,screenshots/8ba7d9e2-aa5a-436c-97e2-1dba7b77116f.png,2.0,1.0,1.0,1.0,0.0,1.0,0.0,2.0,5.0,2.0,5.0,4.0,5.0,4.0,5.0,10
1479540,screenshots/f225844a-d01b-436f-aecb-329e6868f8a0.png,2.0,1.0,0.0,1.0,4.0,1.0,2.0,1.0,4.0,0.0,0.0,3.0,2.0,0.0,3.0,11
1479701,screenshots/8ec6638b-7314-4513-84d5-e2cf156e8274.png,0.0,2.0,3.0,0.0,1.0,0.0,1.0,6.0,1.0,0.0,0.0,6.0,2.0,0.0,1.0,10
1479808,screenshots/9954c681-992c-48bd-baa9-7d1d748944db.png,2.0,3.0,5.0,2.0,2.0,0.0,1.0,3.0,3.0,2.0,0.0,2.0,1.0,1.0,3.0,10
1479903,screenshots/a4d603f3-494f-47ad-94f4-0e1e1c9dd010.png,1.0,3.0,1.0,0.0,2.0,0.0,3.0,3.0,1.0,3.0,0.0,2.0,0.0,3.0,1.0,10
1479939,screenshots/cdeb1d6e-c27e-4b1d-aabb-f6c13ccd20a0.png,1.0,5.0,1.0,0.0,2.0,0.0,1.0,6.0,1.0,0.0,0.0,6.0,2.0,4.0,1.0,10
1479951,screenshots/0839c696-f1c2-4124-9db6-24d6674794b1.png,6.0,6.0,4.0,2.0,1.0,1.0,3.0,0.0,3.0,0.0,0.0,1.0,0.0,0.0,0.0,11
1480046,screenshots/ab3aab2c-376a-46f7-b1ca-b4b769d3e7ef.png,0.0,0.0,1.0,0.0,1.0,0.0,0.0,7.0,2.0,1.0,0.0,9.0,0.0,1.0,1.0,11
1480081,screenshots/8226515d-db85-4d29-ab29-57faeceb0614.png,0.0,2.0,4.0,2.0,2.0,0.0,3.0,6.0,5.0,1.0,0.0,2.0,2.0,4.0,3.0,10
1480353,screenshots/c6fd9d60-4672-4ba0-ba40-43f5280df0e2.png,3.0,2.0,1.0,1.0,1.0,0.0,0.0,2.0,3.0,2.0,0.0,3.0,1.0,1.0,1.0,11
1480404,screenshots/32f60cba-e83a-4cbf-9b30-40d1d95ec247.png,3.0,2.0,0.0,1.0,0.0,0.0,1.0,5.0,4.0,0.0,0.0,8.0,1.0,1.0,1.0,10
1480433,screenshots/a030ba11-4ab6-42be-9393-5f06e399a9be.png,1.0,1.0,3.0,2.0,1.0,4.0,0.0,0.0,1.0,3.0,0.0,1.0,0.0,1.0,1.0,10
1480464,screenshots/d2226ffc-c4e9-449b-980b-1f88ad7c102e.png,4.0,4.0,4.0,2.0,2.0,0.0,0.0,1.0,0.0,2.0,1.0,3.0,0.0,2.0,1.0,10
1480493,screenshots/19620f85-a97c-47df-9b5a-a1536ef2451d.png,5.0,1.0,0.0,3.0,6.0,3.0,4.0,3.0,2.0,3.0,4.0,5.0,0.0,0.0,2.0,10
1480523,screenshots/ce3db38b-0a30-4f3d-8ec3-c467778a1fed.png,4.0,4.0,2.0,1.0,3.0,0.0,1.0,4.0,1.0,1.0,0.0,4.0,1.0,6.0,2.0,11
1480527,screenshots/4bce25aa-86b8-4045-a1c1-8143667f8df8.png,4.0,5.0,0.0,0.0,2.0,0.0,0.0,2.0,2.0,0.0,0.0,4.0,1.0,1.0,1.0,10
1480552,screenshots/937eb7bd-0da0-4e58-81cd-4c9a7ecaac3e.png,2.0,1.0,0.0,0.0,4.0,1.0,1.0,3.0,2.0,1.0,0.0,2.0,1.0,0.0,1.0,10
1480596,screenshots/d5e6ab3d-b9a0-452b-a8ef-fee1ebcee303.png,1.0,3.0,8.0,1.0,3.0,2.0,3.0,1.0,1.0,1.0,0.0,1.0,0.0,0.0,0.0,11
1480640,screenshots/8993a24e-0506-4a78-a4bb-ead33c512654.png,0.0,3.0,0.0,1.0,1.0,0.0,4.0,6.0,2.0,1.0,0.0,6.0,1.0,2.0,1.0,10
1480643,screenshots/312404bb-ea60-4fe9-9fe6-c99f9d148103.png,0.0,1.0,0.0,0.0,0.0,0.0,4.0,8.0,5.0,0.0,0.0,4.0,0.0,1.0,4.0,10
1480728,screenshots/774abc0f-2c86-4a72-8442-b7c4af79c68e.png,4.0,4.0,3.0,4.0,3.0,0.0,0.0,1.0,2.0,1.0,0.0,2.0,1.0,3.0,2.0,11
1480730,screenshots/ecda46d8-da62-4f57-9e55-e231f68ca2a4.png,3.0,1.0,0.0,2.0,2.0,0.0,1.0,3.0,5.0,1.0,1.0,5.0,3.0,2.0,2.0,11
1480748,screenshots/560f34cd-ddc5-4b01-b46a-62c0b7008051.png,5.0,4.0,2.0,0.0,2.0,1.0,2.0,1.0,1.0,1.0,2.0,2.0,0.0,0.0,0.0,10
1480749,screenshots/6049668c-a172-4035-b343-2bd419498d40.png,1.0,0.0,4.0,1.0,0.0,0.0,4.0,9.0,7.0,2.0,0.0,4.0,2.0,2.0,2.0,10
1480771,screenshots/dc34fac6-2075-4ed9-a2bb-e8e65ae624f5.png,3.0,5.0,1.0,0.0,1.0,0.0,0.0,1.0,2.0,0.0,0.0,7.0,1.0,1.0,0.0,10
1480867,screenshots/77321408-e9e5-4362-92ec-09ec787b6c7c.png,5.0,5.0,0.0,0.0,2.0,0.0,1.0,2.0,0.0,1.0,0.0,1.0,2.0,6.0,0.0,11
1480905,screenshots/61b45120-23ce-44ed-8dc0-ec8abb269560.png,0.0,2.0,0.0,0.0,1.0,0.0,4.0,5.0,3.0,0.0,1.0,5.0,2.0,1.0,2.0,10
1480906,screenshots/43318c27-3578-43ef-91ad-ec01563864e7.png,5.0,1.0,5.0,6.0,0.0,0.0,1.0,0.0,0.0,2.0,0.0,1.0,0.0,6.0,1.0,10
